-- phpMyAdmin SQL Dump
-- version 5.2.2
-- https://www.phpmyadmin.net/
--
-- Host: 127.0.0.1
-- Generation Time: Jun 23, 2025 at 05:56 PM
-- Server version: 10.4.32-MariaDB
-- PHP Version: 8.2.12

SET SQL_MODE = "NO_AUTO_VALUE_ON_ZERO";
START TRANSACTION;
SET time_zone = "+00:00";


/*!40101 SET @OLD_CHARACTER_SET_CLIENT=@@CHARACTER_SET_CLIENT */;
/*!40101 SET @OLD_CHARACTER_SET_RESULTS=@@CHARACTER_SET_RESULTS */;
/*!40101 SET @OLD_COLLATION_CONNECTION=@@COLLATION_CONNECTION */;
/*!40101 SET NAMES utf8mb4 */;

--
-- Database: `uni_directory`
--

-- --------------------------------------------------------

--
-- Table structure for table `attend`
--

CREATE TABLE `attend` (
  `AM_ID` char(10) NOT NULL,
  `COURSE_ID` char(5) NOT NULL,
  `PROF_ID` char(10) NOT NULL,
  `AttendDate` date NOT NULL
) ENGINE=InnoDB DEFAULT CHARSET=utf8mb4 COLLATE=utf8mb4_general_ci;

--
-- Dumping data for table `attend`
--

INSERT INTO `attend` (`AM_ID`, `COURSE_ID`, `PROF_ID`, `AttendDate`) VALUES
('eco2021004', '15641', 'ecoprof420', '2021-10-20'),
('eco2021004', '15642', 'ecoprof144', '2021-12-10'),
('eco2021004', '25641', 'ecoprof132', '2022-04-10'),
('eco2021004', '25642', 'ecoprof012', '2022-05-20'),
('eco2021004', '35641', 'ecoprof132', '2022-10-20'),
('eco2021004', '35642', 'ecoprof012', '2022-12-10'),
('eco2021004', '35643', 'ecoprof420', '2022-12-15'),
('eco2021004', '45641', 'ecoprof012', '2023-04-10'),
('eco2021004', '45642', 'ecoprof230', '2023-05-20'),
('eco2021004', '45643', 'ecoprof230', '2023-05-25'),
('eco2021004', '55641', 'ecoprof132', '2023-10-20'),
('eco2021004', '55642', 'ecoprof420', '2023-12-10'),
('eco2021004', '55643', 'ecoprof012', '2023-12-15'),
('eco2021004', '65641', 'ecoprof420', '2024-04-10'),
('eco2021004', '65642', 'ecoprof012', '2024-05-20'),
('eco2021004', '65643', 'ecoprof230', '2024-05-25'),
('eco2021004', '75641', 'ecoprof132', '2024-10-20'),
('eco2021004', '75642', 'ecoprof420', '2024-12-10'),
('eco2021004', '85641', 'ecoprof012', '2025-04-10'),
('eco2021004', '85642', 'ecoprof230', '2025-05-20'),
('eco2021004', '85643', 'ecoprof012', '2025-05-25'),
('eco2021222', '15641', 'ecoprof144', '2021-10-20'),
('eco2021222', '15642', 'ecoprof132', '2021-12-10'),
('eco2021222', '25641', 'ecoprof230', '2022-04-10'),
('eco2021222', '25642', 'ecoprof230', '2022-05-20'),
('eco2021222', '35641', 'ecoprof230', '2022-10-20'),
('eco2021222', '35642', 'ecoprof132', '2022-12-10'),
('eco2021222', '35643', 'ecoprof132', '2022-12-15'),
('eco2021222', '45641', 'ecoprof144', '2023-04-10'),
('eco2021222', '45642', 'ecoprof132', '2023-05-20'),
('eco2021222', '45643', 'ecoprof132', '2023-05-25'),
('eco2021222', '55641', 'ecoprof420', '2023-10-20'),
('eco2021222', '55642', 'ecoprof012', '2023-12-10'),
('eco2021222', '55643', 'ecoprof144', '2023-12-15'),
('eco2021222', '65641', 'ecoprof012', '2024-04-10'),
('eco2021222', '65642', 'ecoprof420', '2024-05-20'),
('eco2021222', '65643', 'ecoprof144', '2024-05-25'),
('eco2021222', '75641', 'ecoprof012', '2024-10-20'),
('eco2021222', '75642', 'ecoprof144', '2024-12-10'),
('eco2021222', '85641', 'ecoprof420', '2025-04-10'),
('eco2021222', '85642', 'ecoprof420', '2025-05-20'),
('eco2021222', '85643', 'ecoprof420', '2025-05-25'),
('eco2021314', '15641', 'ecoprof012', '2021-10-20'),
('eco2021314', '15642', 'ecoprof230', '2021-12-10'),
('eco2021314', '25641', 'ecoprof420', '2022-04-10'),
('eco2021314', '25642', 'ecoprof012', '2022-05-20'),
('eco2021314', '35641', 'ecoprof230', '2022-10-20'),
('eco2021314', '35642', 'ecoprof420', '2022-12-10'),
('eco2021314', '35643', 'ecoprof230', '2022-12-15'),
('eco2021314', '45641', 'ecoprof132', '2023-04-10'),
('eco2021314', '45642', 'ecoprof144', '2023-05-20'),
('eco2021314', '45643', 'ecoprof012', '2023-05-25'),
('eco2021314', '55641', 'ecoprof132', '2023-10-20'),
('eco2021314', '55642', 'ecoprof230', '2023-12-10'),
('eco2021314', '55643', 'ecoprof230', '2023-12-15'),
('eco2021314', '65641', 'ecoprof132', '2024-04-10'),
('eco2021314', '65642', 'ecoprof230', '2024-05-20'),
('eco2021314', '65643', 'ecoprof230', '2024-05-25'),
('eco2021314', '75641', 'ecoprof420', '2024-10-20'),
('eco2021314', '75642', 'ecoprof420', '2024-12-10'),
('eco2021314', '85641', 'ecoprof230', '2025-04-10'),
('eco2021314', '85642', 'ecoprof420', '2025-05-20'),
('eco2021314', '85643', 'ecoprof132', '2025-05-25'),
('eco2021789', '15641', 'ecoprof230', '2021-10-20'),
('eco2021789', '15642', 'ecoprof230', '2021-12-10'),
('eco2021789', '25641', 'ecoprof144', '2022-04-10'),
('eco2021789', '25642', 'ecoprof230', '2022-05-20'),
('eco2021789', '35641', 'ecoprof012', '2022-10-20'),
('eco2021789', '35642', 'ecoprof132', '2022-12-10'),
('eco2021789', '35643', 'ecoprof132', '2022-12-15'),
('eco2021789', '45641', 'ecoprof230', '2023-04-10'),
('eco2021789', '45642', 'ecoprof012', '2023-05-20'),
('eco2021789', '45643', 'ecoprof132', '2023-05-25'),
('eco2021789', '55641', 'ecoprof420', '2023-10-20'),
('eco2021789', '55642', 'ecoprof230', '2023-12-10'),
('eco2021789', '55643', 'ecoprof144', '2023-12-15'),
('eco2021789', '65641', 'ecoprof132', '2024-04-10'),
('eco2021789', '65642', 'ecoprof230', '2024-05-20'),
('eco2021789', '65643', 'ecoprof132', '2024-05-25'),
('eco2021789', '75641', 'ecoprof230', '2024-10-20'),
('eco2021789', '75642', 'ecoprof012', '2024-12-10'),
('eco2021789', '85641', 'ecoprof420', '2025-04-10'),
('eco2021789', '85642', 'ecoprof144', '2025-05-20'),
('eco2021789', '85643', 'ecoprof420', '2025-05-25'),
('eco2021879', '15641', 'ecoprof012', '2021-10-20'),
('eco2021879', '15642', 'ecoprof420', '2021-12-10'),
('eco2021879', '25641', 'ecoprof012', '2022-04-10'),
('eco2021879', '25642', 'ecoprof230', '2022-05-20'),
('eco2021879', '35641', 'ecoprof012', '2022-10-20'),
('eco2021879', '35642', 'ecoprof144', '2022-12-10'),
('eco2021879', '35643', 'ecoprof230', '2022-12-15'),
('eco2021879', '45641', 'ecoprof230', '2023-04-10'),
('eco2021879', '45642', 'ecoprof012', '2023-05-20'),
('eco2021879', '45643', 'ecoprof144', '2023-05-25'),
('eco2021879', '55641', 'ecoprof012', '2023-10-20'),
('eco2021879', '55642', 'ecoprof420', '2023-12-10'),
('eco2021879', '55643', 'ecoprof420', '2023-12-15'),
('eco2021879', '65641', 'ecoprof230', '2024-04-10'),
('eco2021879', '65642', 'ecoprof230', '2024-05-20'),
('eco2021879', '65643', 'ecoprof012', '2024-05-25'),
('eco2021879', '75641', 'ecoprof012', '2024-10-20'),
('eco2021879', '75642', 'ecoprof420', '2024-12-10'),
('eco2021879', '85641', 'ecoprof230', '2025-04-10'),
('eco2021879', '85642', 'ecoprof132', '2025-05-20'),
('eco2021879', '85643', 'ecoprof012', '2025-05-25'),
('eco2022623', '15641', 'ecoprof132', '2022-10-20'),
('eco2022623', '15642', 'ecoprof132', '2022-12-10'),
('eco2022623', '25641', 'ecoprof144', '2023-04-10'),
('eco2022623', '25642', 'ecoprof230', '2023-05-20'),
('eco2022623', '35641', 'ecoprof420', '2023-10-20'),
('eco2022623', '35642', 'ecoprof230', '2023-12-10'),
('eco2022623', '35643', 'ecoprof132', '2023-12-15'),
('eco2022623', '45641', 'ecoprof012', '2024-04-10'),
('eco2022623', '45642', 'ecoprof012', '2024-05-20'),
('eco2022623', '45643', 'ecoprof420', '2024-05-25'),
('eco2022623', '55641', 'ecoprof132', '2024-10-20'),
('eco2022623', '55642', 'ecoprof144', '2024-12-10'),
('eco2022623', '55643', 'ecoprof132', '2024-12-15'),
('eco2022623', '65641', 'ecoprof420', '2025-04-10'),
('eco2022623', '65642', 'ecoprof230', '2025-05-20'),
('eco2022623', '65643', 'ecoprof144', '2025-05-25'),
('eco2023820', '15641', 'ecoprof420', '2023-10-20'),
('eco2023820', '15642', 'ecoprof132', '2023-12-10'),
('eco2023820', '25641', 'ecoprof420', '2024-04-10'),
('eco2023820', '25642', 'ecoprof012', '2024-05-20'),
('eco2023820', '35641', 'ecoprof420', '2024-10-20'),
('eco2023820', '35642', 'ecoprof420', '2024-12-10'),
('eco2023820', '35643', 'ecoprof012', '2024-12-15'),
('eco2023820', '45641', 'ecoprof132', '2025-04-10'),
('eco2023820', '45642', 'ecoprof230', '2025-05-20'),
('eco2023820', '45643', 'ecoprof420', '2025-05-25'),
('eco2024541', '15641', 'ecoprof230', '2024-10-20'),
('eco2024541', '15642', 'ecoprof144', '2024-12-10'),
('eco2024541', '25641', 'ecoprof132', '2025-04-10'),
('eco2024541', '25642', 'ecoprof144', '2025-05-20'),
('inf2021019', '13211', 'infprof826', '2021-10-20'),
('inf2021019', '13212', 'infprof826', '2021-12-10'),
('inf2021019', '23211', 'infprof948', '2022-04-10'),
('inf2021019', '23212', 'infprof826', '2022-05-20'),
('inf2021019', '33211', 'infprof742', '2022-10-20'),
('inf2021019', '33212', 'infprof742', '2022-12-10'),
('inf2021019', '33213', 'infprof742', '2022-12-15'),
('inf2021019', '43211', 'infprof637', '2023-04-10'),
('inf2021019', '43212', 'infprof742', '2023-05-20'),
('inf2021019', '43213', 'infprof948', '2023-05-25'),
('inf2021019', '53211', 'infprof826', '2023-10-20'),
('inf2021019', '53212', 'infprof948', '2023-12-10'),
('inf2021019', '53213', 'infprof546', '2023-12-15'),
('inf2021019', '63211', 'infprof742', '2024-04-10'),
('inf2021019', '63212', 'infprof826', '2024-05-20'),
('inf2021019', '73211', 'infprof637', '2024-10-20'),
('inf2021019', '73212', 'infprof637', '2024-12-10'),
('inf2021019', '73213', 'infprof742', '2024-12-15'),
('inf2021019', '83211', 'infprof637', '2025-04-10'),
('inf2021019', '83212', 'infprof546', '2025-05-20'),
('inf2021019', '83213', 'infprof948', '2025-05-25'),
('inf2021128', '13211', 'infprof826', '2021-10-20'),
('inf2021128', '13212', 'infprof637', '2021-12-10'),
('inf2021128', '23211', 'infprof637', '2022-04-10'),
('inf2021128', '23212', 'infprof637', '2022-05-20'),
('inf2021128', '33211', 'infprof948', '2022-10-20'),
('inf2021128', '33212', 'infprof742', '2022-12-10'),
('inf2021128', '33213', 'infprof637', '2022-12-15'),
('inf2021128', '43211', 'infprof742', '2023-04-10'),
('inf2021128', '43212', 'infprof826', '2023-05-20'),
('inf2021128', '43213', 'infprof948', '2023-05-25'),
('inf2021128', '53211', 'infprof637', '2023-10-20'),
('inf2021128', '53212', 'infprof546', '2023-12-10'),
('inf2021128', '53213', 'infprof742', '2023-12-15'),
('inf2021128', '63211', 'infprof637', '2024-04-10'),
('inf2021128', '63212', 'infprof637', '2024-05-20'),
('inf2021128', '73211', 'infprof826', '2024-10-20'),
('inf2021128', '73212', 'infprof546', '2024-12-10'),
('inf2021128', '83211', 'infprof637', '2025-04-10'),
('inf2021128', '83212', 'infprof546', '2025-05-20'),
('inf2021128', '83213', 'infprof546', '2025-05-25'),
('inf2021212', '13211', 'infprof637', '2021-10-20'),
('inf2021212', '13212', 'infprof546', '2021-12-10'),
('inf2021212', '23211', 'infprof637', '2022-04-10'),
('inf2021212', '23212', 'infprof826', '2022-05-20'),
('inf2021212', '33211', 'infprof546', '2022-10-20'),
('inf2021212', '33212', 'infprof546', '2022-12-10'),
('inf2021212', '33213', 'infprof948', '2022-12-15'),
('inf2021212', '43211', 'infprof742', '2023-04-10'),
('inf2021212', '43212', 'infprof826', '2023-05-20'),
('inf2021212', '43213', 'infprof948', '2023-05-25'),
('inf2021212', '53211', 'infprof948', '2023-10-20'),
('inf2021212', '53212', 'infprof948', '2023-12-10'),
('inf2021212', '53213', 'infprof948', '2023-12-15'),
('inf2021212', '63211', 'infprof826', '2024-04-10'),
('inf2021212', '63212', 'infprof826', '2024-05-20'),
('inf2021212', '73211', 'infprof826', '2024-10-20'),
('inf2021212', '73212', 'infprof948', '2024-12-10'),
('inf2021212', '73213', 'infprof637', '2024-12-15'),
('inf2021212', '83211', 'infprof826', '2025-04-10'),
('inf2021212', '83212', 'infprof637', '2025-05-20'),
('inf2021672', '13211', 'infprof546', '2021-10-20'),
('inf2021672', '13212', 'infprof948', '2021-12-10'),
('inf2021672', '23211', 'infprof948', '2022-04-10'),
('inf2021672', '23212', 'infprof948', '2022-05-20'),
('inf2021672', '33211', 'infprof948', '2022-10-20'),
('inf2021672', '33212', 'infprof948', '2022-12-10'),
('inf2021672', '33213', 'infprof948', '2022-12-15'),
('inf2021672', '43211', 'infprof826', '2023-04-10'),
('inf2021672', '43212', 'infprof742', '2023-05-20'),
('inf2021672', '43213', 'infprof742', '2023-05-25'),
('inf2021672', '53211', 'infprof546', '2023-10-20'),
('inf2021672', '53212', 'infprof826', '2023-12-10'),
('inf2021672', '53213', 'infprof637', '2023-12-15'),
('inf2021672', '63211', 'infprof826', '2024-04-10'),
('inf2021672', '63212', 'infprof826', '2024-05-20'),
('inf2021672', '73211', 'infprof948', '2024-10-20'),
('inf2021672', '73212', 'infprof546', '2024-12-10'),
('inf2021672', '83211', 'infprof637', '2025-04-10'),
('inf2021672', '83212', 'infprof637', '2025-05-20'),
('inf2021908', '13211', 'infprof742', '2021-10-20'),
('inf2021908', '13212', 'infprof546', '2021-12-10'),
('inf2021908', '23211', 'infprof742', '2022-04-10'),
('inf2021908', '23212', 'infprof948', '2022-05-20'),
('inf2021908', '33211', 'infprof826', '2022-10-20'),
('inf2021908', '33212', 'infprof948', '2022-12-10'),
('inf2021908', '33213', 'infprof948', '2022-12-15'),
('inf2021908', '43211', 'infprof637', '2023-04-10'),
('inf2021908', '43212', 'infprof546', '2023-05-20'),
('inf2021908', '43213', 'infprof826', '2023-05-25'),
('inf2021908', '53211', 'infprof742', '2023-10-20'),
('inf2021908', '53212', 'infprof948', '2023-12-10'),
('inf2021908', '53213', 'infprof546', '2023-12-15'),
('inf2021908', '63211', 'infprof546', '2024-04-10'),
('inf2021908', '63212', 'infprof826', '2024-05-20'),
('inf2021908', '73211', 'infprof546', '2024-10-20'),
('inf2021908', '73212', 'infprof826', '2024-12-10'),
('inf2021908', '83211', 'infprof637', '2025-04-10'),
('inf2021908', '83212', 'infprof546', '2025-05-20'),
('inf2022891', '13211', 'infprof546', '2022-10-20'),
('inf2022891', '13212', 'infprof742', '2022-12-10'),
('inf2022891', '23211', 'infprof637', '2023-04-10'),
('inf2022891', '23212', 'infprof742', '2023-05-20'),
('inf2022891', '33211', 'infprof637', '2023-10-20'),
('inf2022891', '33212', 'infprof546', '2023-12-10'),
('inf2022891', '33213', 'infprof826', '2023-12-15'),
('inf2022891', '43211', 'infprof826', '2024-04-10'),
('inf2022891', '43212', 'infprof948', '2024-05-20'),
('inf2022891', '43213', 'infprof742', '2024-05-25'),
('inf2022891', '53211', 'infprof948', '2024-10-20'),
('inf2022891', '53212', 'infprof637', '2024-12-10'),
('inf2022891', '53213', 'infprof742', '2024-12-15'),
('inf2022891', '63211', 'infprof637', '2025-04-10'),
('inf2022891', '63212', 'infprof742', '2025-05-20'),
('inf2022891', '63213', 'infprof826', '2025-05-25'),
('inf2023921', '13211', 'infprof826', '2023-10-20'),
('inf2023921', '13212', 'infprof637', '2023-12-10'),
('inf2023921', '23211', 'infprof826', '2024-04-10'),
('inf2023921', '23212', 'infprof826', '2024-05-20'),
('inf2023921', '33211', 'infprof948', '2024-10-20'),
('inf2023921', '33212', 'infprof742', '2024-12-10'),
('inf2023921', '33213', 'infprof546', '2024-12-15'),
('inf2023921', '43211', 'infprof948', '2025-04-10'),
('inf2023921', '43212', 'infprof826', '2025-05-20'),
('inf2023921', '43213', 'infprof948', '2025-05-25'),
('inf2024340', '13211', 'infprof948', '2024-10-20'),
('inf2024340', '13212', 'infprof546', '2024-12-10'),
('inf2024340', '23211', 'infprof742', '2025-04-10'),
('inf2024340', '23212', 'infprof546', '2025-05-20'),
('math202124', '17141', 'mathprof00', '2021-10-20'),
('math202124', '17142', 'mathprof99', '2021-12-10'),
('math202124', '27141', 'mathprof18', '2022-04-10'),
('math202124', '27142', 'mathprof18', '2022-05-20'),
('math202124', '37141', 'mathprof10', '2022-10-20'),
('math202124', '37142', 'mathprof18', '2022-12-10'),
('math202124', '37143', 'mathprof10', '2022-12-15'),
('math202124', '47141', 'mathprof00', '2023-04-10'),
('math202124', '47142', 'mathprof72', '2023-05-20'),
('math202124', '47143', 'mathprof18', '2023-05-25'),
('math202124', '57141', 'mathprof10', '2023-10-20'),
('math202124', '57142', 'mathprof99', '2023-12-10'),
('math202124', '57143', 'mathprof10', '2023-12-15'),
('math202124', '67141', 'mathprof10', '2024-04-10'),
('math202124', '67142', 'mathprof18', '2024-05-20'),
('math202124', '77141', 'mathprof72', '2024-10-20'),
('math202124', '77142', 'mathprof72', '2024-12-10'),
('math202124', '77143', 'mathprof00', '2024-12-15'),
('math202124', '87141', 'mathprof72', '2025-04-10'),
('math202124', '87143', 'mathprof10', '2025-05-25'),
('math202132', '17141', 'mathprof18', '2021-10-20'),
('math202132', '17142', 'mathprof72', '2021-12-10'),
('math202132', '27141', 'mathprof00', '2022-04-10'),
('math202132', '27142', 'mathprof10', '2022-05-20'),
('math202132', '37141', 'mathprof00', '2022-10-20'),
('math202132', '37142', 'mathprof10', '2022-12-10'),
('math202132', '37143', 'mathprof18', '2022-12-15'),
('math202132', '47141', 'mathprof18', '2023-04-10'),
('math202132', '47142', 'mathprof72', '2023-05-20'),
('math202132', '47143', 'mathprof18', '2023-05-25'),
('math202132', '57141', 'mathprof72', '2023-10-20'),
('math202132', '57142', 'mathprof99', '2023-12-10'),
('math202132', '57143', 'mathprof10', '2023-12-15'),
('math202132', '67141', 'mathprof18', '2024-04-10'),
('math202132', '67142', 'mathprof00', '2024-05-20'),
('math202132', '67143', 'mathprof18', '2024-05-25'),
('math202132', '77141', 'mathprof99', '2024-10-20'),
('math202132', '77143', 'mathprof72', '2024-12-15'),
('math202132', '87142', 'mathprof99', '2025-05-20'),
('math202132', '87143', 'mathprof00', '2025-05-25'),
('math202145', '17141', 'mathprof10', '2021-10-20'),
('math202145', '17142', 'mathprof10', '2021-12-10'),
('math202145', '27141', 'mathprof10', '2022-04-10'),
('math202145', '27142', 'mathprof10', '2022-05-20'),
('math202145', '37141', 'mathprof00', '2022-10-20'),
('math202145', '37142', 'mathprof72', '2022-12-10'),
('math202145', '37143', 'mathprof99', '2022-12-15'),
('math202145', '47141', 'mathprof18', '2023-04-10'),
('math202145', '47142', 'mathprof99', '2023-05-20'),
('math202145', '47143', 'mathprof72', '2023-05-25'),
('math202145', '57141', 'mathprof99', '2023-10-20'),
('math202145', '57142', 'mathprof18', '2023-12-10'),
('math202145', '57143', 'mathprof72', '2023-12-15'),
('math202145', '67141', 'mathprof00', '2024-04-10'),
('math202145', '67143', 'mathprof99', '2024-05-25'),
('math202145', '77141', 'mathprof99', '2024-10-20'),
('math202145', '77142', 'mathprof18', '2024-12-10'),
('math202145', '77143', 'mathprof00', '2024-12-15'),
('math202145', '87141', 'mathprof18', '2025-04-10'),
('math202145', '87142', 'mathprof72', '2025-05-20'),
('math202167', '17141', 'mathprof18', '2021-10-20'),
('math202167', '17142', 'mathprof99', '2021-12-10'),
('math202167', '27141', 'mathprof99', '2022-04-10'),
('math202167', '27142', 'mathprof00', '2022-05-20'),
('math202167', '37141', 'mathprof00', '2022-10-20'),
('math202167', '37142', 'mathprof99', '2022-12-10'),
('math202167', '37143', 'mathprof00', '2022-12-15'),
('math202167', '47141', 'mathprof00', '2023-04-10'),
('math202167', '47142', 'mathprof18', '2023-05-20'),
('math202167', '47143', 'mathprof18', '2023-05-25'),
('math202167', '57141', 'mathprof72', '2023-10-20'),
('math202167', '57142', 'mathprof72', '2023-12-10'),
('math202167', '57143', 'mathprof10', '2023-12-15'),
('math202167', '67142', 'mathprof99', '2024-05-20'),
('math202167', '67143', 'mathprof10', '2024-05-25'),
('math202167', '77141', 'mathprof00', '2024-10-20'),
('math202167', '77143', 'mathprof10', '2024-12-15'),
('math202167', '87141', 'mathprof72', '2025-04-10'),
('math202167', '87142', 'mathprof18', '2025-05-20'),
('math202167', '87143', 'mathprof10', '2025-05-25'),
('math202170', '17141', 'mathprof10', '2021-10-20'),
('math202170', '17142', 'mathprof72', '2021-12-10'),
('math202170', '27141', 'mathprof99', '2022-04-10'),
('math202170', '27142', 'mathprof18', '2022-05-20'),
('math202170', '37141', 'mathprof00', '2022-10-20'),
('math202170', '37142', 'mathprof10', '2022-12-10'),
('math202170', '37143', 'mathprof72', '2022-12-15'),
('math202170', '47141', 'mathprof72', '2023-04-10'),
('math202170', '47142', 'mathprof99', '2023-05-20'),
('math202170', '47143', 'mathprof10', '2023-05-25'),
('math202170', '57141', 'mathprof10', '2023-10-20'),
('math202170', '57142', 'mathprof18', '2023-12-10'),
('math202170', '57143', 'mathprof99', '2023-12-15'),
('math202170', '67141', 'mathprof00', '2024-04-10'),
('math202170', '67142', 'mathprof72', '2024-05-20'),
('math202170', '67143', 'mathprof00', '2024-05-25'),
('math202170', '77141', 'mathprof10', '2024-10-20'),
('math202170', '77143', 'mathprof10', '2024-12-15'),
('math202170', '87141', 'mathprof72', '2025-04-10'),
('math202170', '87142', 'mathprof18', '2025-05-20'),
('math202254', '17141', 'mathprof72', '2022-10-20'),
('math202254', '17142', 'mathprof99', '2022-12-10'),
('math202254', '27141', 'mathprof10', '2023-04-10'),
('math202254', '27142', 'mathprof18', '2023-05-20'),
('math202254', '37141', 'mathprof00', '2023-10-20'),
('math202254', '37142', 'mathprof00', '2023-12-10'),
('math202254', '37143', 'mathprof00', '2023-12-15'),
('math202254', '47141', 'mathprof99', '2024-04-10'),
('math202254', '47142', 'mathprof99', '2024-05-20'),
('math202254', '47143', 'mathprof10', '2024-05-25'),
('math202254', '57141', 'mathprof00', '2024-10-20'),
('math202254', '57142', 'mathprof10', '2024-12-10'),
('math202254', '57143', 'mathprof99', '2024-12-15'),
('math202254', '67141', 'mathprof18', '2025-04-10'),
('math202254', '67142', 'mathprof18', '2025-05-20'),
('math202254', '67143', 'mathprof10', '2025-05-25'),
('math202373', '17141', 'mathprof10', '2023-10-20'),
('math202373', '17142', 'mathprof18', '2023-12-10'),
('math202373', '27141', 'mathprof18', '2024-04-10'),
('math202373', '27142', 'mathprof18', '2024-05-20'),
('math202373', '37141', 'mathprof18', '2024-10-20'),
('math202373', '37142', 'mathprof00', '2024-12-10'),
('math202373', '37143', 'mathprof10', '2024-12-15'),
('math202373', '47141', 'mathprof10', '2025-04-10'),
('math202373', '47142', 'mathprof00', '2025-05-20'),
('math202373', '47143', 'mathprof72', '2025-05-25'),
('math202428', '17141', 'mathprof10', '2024-10-20'),
('math202428', '17142', 'mathprof72', '2024-12-10'),
('math202428', '27141', 'mathprof10', '2025-04-10'),
('math202428', '27142', 'mathprof18', '2025-05-20'),
('tour202106', '19051', 'tourprof15', '2021-10-20'),
('tour202106', '19052', 'tourprof54', '2021-12-10'),
('tour202106', '29051', 'tourprof15', '2022-04-10'),
('tour202106', '29052', 'tourprof20', '2022-05-20'),
('tour202106', '39051', 'tourprof54', '2022-10-20'),
('tour202106', '39052', 'tourprof15', '2022-12-10'),
('tour202106', '39053', 'tourprof40', '2022-12-15'),
('tour202106', '49051', 'tourprof15', '2023-04-10'),
('tour202106', '49052', 'tourprof15', '2023-05-20'),
('tour202106', '49053', 'tourprof15', '2023-05-25'),
('tour202106', '59051', 'tourprof23', '2023-10-20'),
('tour202106', '59052', 'tourprof23', '2023-12-10'),
('tour202106', '59053', 'tourprof54', '2023-12-15'),
('tour202106', '69051', 'tourprof23', '2024-04-10'),
('tour202106', '69052', 'tourprof54', '2024-05-20'),
('tour202106', '69053', 'tourprof40', '2024-05-25'),
('tour202106', '79051', 'tourprof40', '2024-10-20'),
('tour202106', '79052', 'tourprof20', '2024-12-10'),
('tour202106', '79053', 'tourprof54', '2024-12-15'),
('tour202106', '89051', 'tourprof20', '2025-04-10'),
('tour202106', '89052', 'tourprof23', '2025-05-20'),
('tour202106', '89053', 'tourprof20', '2025-05-25'),
('tour202130', '19051', 'tourprof40', '2021-10-20'),
('tour202130', '19052', 'tourprof20', '2021-12-10'),
('tour202130', '29051', 'tourprof54', '2022-04-10'),
('tour202130', '29052', 'tourprof54', '2022-05-20'),
('tour202130', '39051', 'tourprof23', '2022-10-20'),
('tour202130', '39052', 'tourprof54', '2022-12-10'),
('tour202130', '39053', 'tourprof15', '2022-12-15'),
('tour202130', '49051', 'tourprof20', '2023-04-10'),
('tour202130', '49052', 'tourprof23', '2023-05-20'),
('tour202130', '49053', 'tourprof15', '2023-05-25'),
('tour202130', '59051', 'tourprof40', '2023-10-20'),
('tour202130', '59052', 'tourprof20', '2023-12-10'),
('tour202130', '59053', 'tourprof15', '2023-12-15'),
('tour202130', '69051', 'tourprof40', '2024-04-10'),
('tour202130', '69052', 'tourprof23', '2024-05-20'),
('tour202130', '79051', 'tourprof54', '2024-10-20'),
('tour202130', '79052', 'tourprof54', '2024-12-10'),
('tour202130', '79053', 'tourprof20', '2024-12-15'),
('tour202130', '89051', 'tourprof15', '2025-04-10'),
('tour202130', '89052', 'tourprof54', '2025-05-20'),
('tour202130', '89053', 'tourprof40', '2025-05-25'),
('tour202131', '19051', 'tourprof20', '2021-10-20'),
('tour202131', '19052', 'tourprof40', '2021-12-10'),
('tour202131', '29051', 'tourprof40', '2022-04-10'),
('tour202131', '29052', 'tourprof23', '2022-05-20'),
('tour202131', '39051', 'tourprof23', '2022-10-20'),
('tour202131', '39052', 'tourprof54', '2022-12-10'),
('tour202131', '39053', 'tourprof54', '2022-12-15'),
('tour202131', '49051', 'tourprof20', '2023-04-10'),
('tour202131', '49052', 'tourprof20', '2023-05-20'),
('tour202131', '49053', 'tourprof54', '2023-05-25'),
('tour202131', '59051', 'tourprof20', '2023-10-20'),
('tour202131', '59052', 'tourprof23', '2023-12-10'),
('tour202131', '59053', 'tourprof23', '2023-12-15'),
('tour202131', '69051', 'tourprof23', '2024-04-10'),
('tour202131', '69052', 'tourprof40', '2024-05-20'),
('tour202131', '69053', 'tourprof20', '2024-05-25'),
('tour202131', '79051', 'tourprof54', '2024-10-20'),
('tour202131', '79052', 'tourprof20', '2024-12-10'),
('tour202131', '79053', 'tourprof54', '2024-12-15'),
('tour202131', '89051', 'tourprof15', '2025-04-10'),
('tour202131', '89052', 'tourprof54', '2025-05-20'),
('tour202131', '89053', 'tourprof23', '2025-05-25'),
('tour202159', '19051', 'tourprof15', '2021-10-20'),
('tour202159', '19052', 'tourprof54', '2021-12-10'),
('tour202159', '29051', 'tourprof23', '2022-04-10'),
('tour202159', '29052', 'tourprof15', '2022-05-20'),
('tour202159', '39051', 'tourprof20', '2022-10-20'),
('tour202159', '39052', 'tourprof54', '2022-12-10'),
('tour202159', '39053', 'tourprof40', '2022-12-15'),
('tour202159', '49051', 'tourprof15', '2023-04-10'),
('tour202159', '49052', 'tourprof23', '2023-05-20'),
('tour202159', '49053', 'tourprof20', '2023-05-25'),
('tour202159', '59051', 'tourprof20', '2023-10-20'),
('tour202159', '59052', 'tourprof23', '2023-12-10'),
('tour202159', '59053', 'tourprof23', '2023-12-15'),
('tour202159', '69051', 'tourprof40', '2024-04-10'),
('tour202159', '69052', 'tourprof23', '2024-05-20'),
('tour202159', '69053', 'tourprof20', '2024-05-25'),
('tour202159', '79051', 'tourprof20', '2024-10-20'),
('tour202159', '79052', 'tourprof15', '2024-12-10'),
('tour202159', '79053', 'tourprof54', '2024-12-15'),
('tour202159', '89051', 'tourprof54', '2025-04-10'),
('tour202159', '89052', 'tourprof23', '2025-05-20'),
('tour202181', '19051', 'tourprof40', '2021-10-20'),
('tour202181', '19052', 'tourprof23', '2021-12-10'),
('tour202181', '29051', 'tourprof23', '2022-04-10'),
('tour202181', '29052', 'tourprof20', '2022-05-20'),
('tour202181', '39051', 'tourprof23', '2022-10-20'),
('tour202181', '39052', 'tourprof15', '2022-12-10'),
('tour202181', '39053', 'tourprof54', '2022-12-15'),
('tour202181', '49051', 'tourprof54', '2023-04-10'),
('tour202181', '49052', 'tourprof40', '2023-05-20'),
('tour202181', '49053', 'tourprof20', '2023-05-25'),
('tour202181', '59051', 'tourprof54', '2023-10-20'),
('tour202181', '59052', 'tourprof20', '2023-12-10'),
('tour202181', '59053', 'tourprof40', '2023-12-15'),
('tour202181', '69051', 'tourprof54', '2024-04-10'),
('tour202181', '69052', 'tourprof23', '2024-05-20'),
('tour202181', '69053', 'tourprof54', '2024-05-25'),
('tour202181', '79051', 'tourprof23', '2024-10-20'),
('tour202181', '79052', 'tourprof23', '2024-12-10'),
('tour202181', '79053', 'tourprof54', '2024-12-15'),
('tour202181', '89051', 'tourprof40', '2025-04-10'),
('tour202181', '89052', 'tourprof20', '2025-05-20'),
('tour202236', '19051', 'tourprof23', '2022-10-20'),
('tour202236', '19052', 'tourprof54', '2022-12-10'),
('tour202236', '29051', 'tourprof15', '2023-04-10'),
('tour202236', '29052', 'tourprof40', '2023-05-20'),
('tour202236', '39051', 'tourprof54', '2023-10-20'),
('tour202236', '39052', 'tourprof54', '2023-12-10'),
('tour202236', '39053', 'tourprof54', '2023-12-15'),
('tour202236', '49051', 'tourprof54', '2024-04-10'),
('tour202236', '49052', 'tourprof23', '2024-05-20'),
('tour202236', '49053', 'tourprof40', '2024-05-25'),
('tour202236', '59051', 'tourprof20', '2024-10-20'),
('tour202236', '59052', 'tourprof23', '2024-12-10'),
('tour202236', '69051', 'tourprof40', '2025-04-10'),
('tour202236', '69052', 'tourprof15', '2025-05-20'),
('tour202236', '69053', 'tourprof40', '2025-05-25'),
('tour202390', '19051', 'tourprof23', '2023-10-20'),
('tour202390', '19052', 'tourprof40', '2023-12-10'),
('tour202390', '29051', 'tourprof20', '2024-04-10'),
('tour202390', '29052', 'tourprof54', '2024-05-20'),
('tour202390', '39051', 'tourprof54', '2024-10-20'),
('tour202390', '39052', 'tourprof15', '2024-12-10'),
('tour202390', '39053', 'tourprof20', '2024-12-15'),
('tour202390', '49051', 'tourprof40', '2025-04-10'),
('tour202390', '49052', 'tourprof54', '2025-05-20'),
('tour202390', '49053', 'tourprof54', '2025-05-25'),
('tour202478', '19051', 'tourprof20', '2024-10-20'),
('tour202478', '19052', 'tourprof23', '2024-12-10'),
('tour202478', '29051', 'tourprof40', '2025-04-10'),
('tour202478', '29052', 'tourprof23', '2025-05-20');

-- --------------------------------------------------------

--
-- Table structure for table `course`
--

CREATE TABLE `course` (
  `COURSE_ID` char(5) NOT NULL,
  `DEPT_ID` char(5) NOT NULL,
  `CourseName` varchar(100) NOT NULL,
  `CourseProgramme` varchar(50) NOT NULL,
  `CourseCategory` varchar(50) NOT NULL,
  `CourseECTS` int(11) NOT NULL,
  `CourseLoad` float(2,1) NOT NULL,
  `CourseSemester` int(11) NOT NULL
) ENGINE=InnoDB DEFAULT CHARSET=utf8mb4 COLLATE=utf8mb4_general_ci;

--
-- Dumping data for table `course`
--

INSERT INTO `course` (`COURSE_ID`, `DEPT_ID`, `CourseName`, `CourseProgramme`, `CourseCategory`, `CourseECTS`, `CourseLoad`, `CourseSemester`) VALUES
('13211', '14731', 'Introduction to Programming', 'INF PROGRAMME 2025', 'Compulsory', 6, 1.5, 1),
('13212', '14731', 'Introduction to Computer Science', 'INF PROGRAMME 2025', 'Compulsory', 6, 1.5, 1),
('15641', '26483', 'Introduction to Economic Analysis Ι', 'ECO PROGRAMME 2025', 'Compulsory', 6, 1.5, 1),
('15642', '26483', 'Statistics Ι', 'ECO PROGRAMME 2025', 'Compulsory', 6, 1.5, 1),
('17141', '54856', 'Calculus I', 'MATH PROGRAMME 2025', 'Compulsory', 8, 1.5, 1),
('17142', '54856', 'Introduction to Algebra and Set Theory', 'MATH PROGRAMME 2025', 'Compulsory', 8, 1.5, 1),
('19051', '34892', 'Introduction to Tourism and Hospitality', 'TOUR PROGRAMME 2025', 'Compulsory', 5, 1.5, 1),
('19052', '34892', 'Sustainable Development and Tourism', 'TOUR PROGRAMME 2025', 'Compulsory', 5, 1.5, 1),
('23211', '14731', 'Data Structures', 'INF PROGRAMME 2025', 'Compulsory', 6, 1.5, 2),
('23212', '14731', 'Programming with Python', 'INF PROGRAMME 2025', 'Compulsory Elective', 4, 1.5, 2),
('25641', '26483', 'Introduction to Economic Analysis ΙΙ', 'ECO PROGRAMME 2025', 'Compulsory', 6, 1.5, 2),
('25642', '26483', 'Statistics ΙΙ', 'ECO PROGRAMME 2025', 'Compulsory', 6, 1.5, 2),
('27141', '54856', 'Calculus II', 'MATH PROGRAMME 2025', 'Compulsory', 8, 1.5, 2),
('27142', '54856', 'Linear Algebra I', 'MATH PROGRAMME 2025', 'Compulsory', 8, 1.5, 2),
('29051', '34892', 'Introduction to Marketing', 'TOUR PROGRAMME 2025', 'Compulsory', 5, 1.5, 2),
('29052', '34892', 'Microeconomics in Tourism', 'TOUR PROGRAMME 2025', 'Compulsory', 5, 1.5, 2),
('33211', '14731', 'Object Oriented Programming', 'INF PROGRAMME 2025', 'Compulsory', 6, 1.5, 3),
('33212', '14731', 'Operating Systems', 'INF PROGRAMME 2025', 'Compulsory', 6, 1.5, 3),
('33213', '14731', 'Cryptography', 'INF PROGRAMME 2025', 'Compulsory Elective', 4, 1.5, 3),
('35641', '26483', 'Microeconomic Theory Ι', 'ECO PROGRAMME 2025', 'Compulsory', 6, 1.5, 3),
('35642', '26483', 'Macroeconomic Theory Ι', 'ECO PROGRAMME 2025', 'Compulsory', 6, 1.5, 3),
('35643', '26483', 'Marxian Economics Ι', 'ECO PROGRAMME 2025', 'Compulsory Elective', 4, 1.5, 3),
('37141', '54856', 'Calculus III', 'MATH PROGRAMME 2025', 'Compulsory', 8, 1.5, 3),
('37142', '54856', 'Probability I', 'MATH PROGRAMME 2025', 'Compulsory', 8, 1.5, 3),
('37143', '54856', 'Introduction to Ordinary Differential Equations', 'MATH PROGRAMME 2025', 'Compulsory', 7, 1.5, 3),
('39051', '34892', 'Marketing of Tourism Services', 'TOUR PROGRAMME 2025', 'Compulsory', 5, 1.5, 3),
('39052', '34892', 'Macroeconomics in Tourism', 'TOUR PROGRAMME 2025', 'Compulsory', 5, 1.5, 3),
('39053', '34892', 'Tourism, Culture and Creative Industries', 'TOUR PROGRAMME 2025', 'Compulsory Elective', 5, 1.5, 3),
('43211', '14731', 'Databases I', 'INF PROGRAMME 2025', 'Compulsory', 6, 1.5, 4),
('43212', '14731', 'Introduction to Information Systems', 'INF PROGRAMME 2025', 'Compulsory', 6, 1.5, 4),
('43213', '14731', 'Networks I', 'INF PROGRAMME 2025', 'Compulsory', 6, 1.5, 4),
('45641', '26483', 'Microeconomic Theory ΙΙ', 'ECO PROGRAMME 2025', 'Compulsory', 6, 1.5, 4),
('45642', '26483', 'Macroeconomic Theory ΙΙ', 'ECO PROGRAMME 2025', 'Compulsory', 6, 1.5, 4),
('45643', '26483', 'Marxian Economics ΙI', 'ECO PROGRAMME 2025', 'Compulsory Elective', 4, 1.5, 4),
('47141', '54856', 'Algebra I', 'MATH PROGRAMME 2025', 'Compulsory', 6, 1.5, 4),
('47142', '54856', 'Real Analysis I', 'MATH PROGRAMME 2025', 'Compulsory', 6, 1.5, 4),
('47143', '54856', 'Probability II', 'MATH PROGRAMME 2025', 'Compulsory Elective', 6, 1.5, 4),
('49051', '34892', 'Human Resource Management', 'TOUR PROGRAMME 2025', 'Compulsory', 5, 1.5, 4),
('49052', '34892', 'Tourism Law', 'TOUR PROGRAMME 2025', 'Compulsory', 5, 1.5, 4),
('49053', '34892', 'Decision Making in Tourism Sector', 'TOUR PROGRAMME 2025', 'Compulsory Elective', 5, 1.5, 4),
('53211', '14731', 'Databases II', 'INF PROGRAMME 2025', 'Compulsory', 6, 1.5, 5),
('53212', '14731', 'Analysis and Design of Information Systems', 'INF PROGRAMME 2025', 'Compulsory', 6, 1.5, 5),
('53213', '14731', 'Networks II', 'INF PROGRAMME 2025', 'Compulsory', 6, 1.5, 5),
('55641', '26483', 'Econometrics Ι', 'ECO PROGRAMME 2025', 'Compulsory', 6, 1.5, 5),
('55642', '26483', 'Public Finance Ι', 'ECO PROGRAMME 2025', 'Compulsory', 6, 1.5, 5),
('55643', '26483', 'Industrial Organization', 'ECO PROGRAMME 2025', 'Compulsory', 6, 1.5, 5),
('57141', '54856', 'Real Analysis II', 'MATH PROGRAMME 2025', 'Compulsory', 8, 1.5, 5),
('57142', '54856', 'Differential Geometry I', 'MATH PROGRAMME 2025', 'Compulsory', 7, 1.5, 5),
('57143', '54856', 'Classical Mechanics', 'MATH PROGRAMME 2025', 'Compulsory', 7, 1.5, 5),
('59051', '34892', 'Risk and Crisis Management in Tourism', 'TOUR PROGRAMME 2025', 'Compulsory', 5, 1.5, 5),
('59052', '34892', 'Supply Chain Management & Logistics', 'TOUR PROGRAMME 2025', 'Compulsory Elective', 5, 1.5, 5),
('59053', '34892', 'Regional Tourism Development', 'TOUR PROGRAMME 2025', 'Compulsory Elective', 5, 1.5, 5),
('63211', '14731', 'Artificial Intelligence', 'INF PROGRAMME 2025', 'Compulsory', 6, 1.5, 6),
('63212', '14731', 'Software Engineering', 'INF PROGRAMME 2025', 'Compulsory', 6, 1.5, 6),
('63213', '14731', 'Internet Technologies', 'INF PROGRAMME 2025', 'Compulsory Elective', 4, 1.5, 6),
('65641', '26483', 'Banking and Money', 'ECO PROGRAMME 2025', 'Compulsory', 6, 1.5, 6),
('65642', '26483', 'Econometrics ΙΙ', 'ECO PROGRAMME 2025', 'Compulsory', 6, 1.5, 6),
('65643', '26483', 'Public Finance ΙΙ', 'ECO PROGRAMME 2025', 'Compulsory', 6, 1.5, 6),
('67141', '54856', 'Complex Analysis', 'MATH PROGRAMME 2025', 'Compulsory', 6, 1.5, 6),
('67142', '54856', 'Linear Algebra II', 'MATH PROGRAMME 2025', 'Compulsory Elective', 6, 1.5, 6),
('67143', '54856', 'General Topology', 'MATH PROGRAMME 2025', 'Compulsory Elective', 6, 1.5, 6),
('69051', '34892', 'Research Methods in Tourism and Hospitality', 'TOUR PROGRAMME 2025', 'Compulsory', 5, 1.5, 6),
('69052', '34892', 'Digital Marketing and Tourism', 'TOUR PROGRAMME 2025', 'Compulsory Elective', 5, 1.5, 6),
('69053', '34892', 'E-Business in Tourism', 'TOUR PROGRAMME 2025', 'Compulsory Elective', 5, 1.5, 6),
('73211', '14731', 'E-Commerce', 'INF PROGRAMME 2025', 'Compulsory', 6, 1.5, 7),
('73212', '14731', 'Logic Programming', 'INF PROGRAMME 2025', 'Compulsory Elective', 4, 1.5, 7),
('73213', '14731', 'Data Science', 'INF PROGRAMME 2025', 'Compulsory Elective', 4, 1.5, 7),
('75641', '26483', 'Monetary Theory and Policy', 'ECO PROGRAMME 2025', 'Compulsory', 6, 1.5, 7),
('75642', '26483', 'Games Theory and Uncertainty', 'ECO PROGRAMME 2025', 'Compulsory', 6, 1.5, 7),
('77141', '54856', 'Algebra II', 'MATH PROGRAMME 2025', 'Compulsory Elective', 6, 1.5, 7),
('77142', '54856', 'Set Theory', 'MATH PROGRAMME 2025', 'Compulsory Elective', 6, 1.5, 7),
('77143', '54856', 'Partial Differential Equations', 'MATH PROGRAMME 2025', 'Compulsory Elective', 6, 1.5, 7),
('79051', '34892', 'Tourism Destination Management', 'TOUR PROGRAMME 2025', 'Compulsory Elective', 5, 1.5, 7),
('79052', '34892', 'Innovation and Entrepreneurship in Digital Era', 'TOUR PROGRAMME 2025', 'Compulsory Elective', 5, 1.5, 7),
('79053', '34892', 'Sharing Economy', 'TOUR PROGRAMME 2025', 'Compulsory Elective', 5, 1.5, 7),
('83211', '14731', 'Strategic Management of Information Systems', 'INF PROGRAMME 2025', 'Compulsory', 6, 1.5, 8),
('83212', '14731', 'Compilers', 'INF PROGRAMME 2025', 'Compulsory Elective', 4, 1.5, 8),
('83213', '14731', 'Parallel Programming', 'INF PROGRAMME 2025', 'Compulsory Elective', 4, 1.5, 8),
('85641', '26483', 'International Monetary Relations', 'ECO PROGRAMME 2025', 'Compulsory', 6, 1.5, 8),
('85642', '26483', 'Issues of Dynamic Economics', 'ECO PROGRAMME 2025', 'Compulsory', 6, 1.5, 8),
('85643', '26483', 'Theory of Economic Growth', 'ECO PROGRAMME 2025', 'Compulsory', 6, 1.5, 8),
('87141', '54856', 'Complex Analysis II', 'MATH PROGRAMME 2025', 'Compulsory Elective', 6, 1.5, 8),
('87142', '54856', 'General Topology II', 'MATH PROGRAMME 2025', 'Compulsory Elective', 6, 1.5, 8),
('87143', '54856', 'Numerical Solution of Partial Differential Equation', 'MATH PROGRAMME 2025', 'Compulsory Elective', 6, 1.5, 8),
('89051', '34892', 'Tourist Behaviour', 'TOUR PROGRAMME 2025', 'Compulsory Elective', 5, 1.5, 8),
('89052', '34892', 'Big Data Analytics in Tourism', 'TOUR PROGRAMME 2025', 'Compulsory Elective', 5, 1.5, 8),
('89053', '34892', 'Tourism and Accessibility', 'TOUR PROGRAMME 2025', 'Compulsory Elective', 5, 1.5, 8),
('THECO', '26483', 'Undergraduate Thesis', 'ECO PROGRAMME 2025', 'Other', 12, 2.0, 7),
('THINF', '14731', 'Undergraduate Thesis', 'INF PROGRAMME 2025', 'Other', 12, 2.0, 7),
('THMAT', '54856', 'Undergraduate Thesis', 'MATH PROGRAMME 2025', 'Other', 12, 2.0, 7),
('THTOU', '34892', 'Undergraduate Thesis', 'TOUR PROGRAMME 2025', 'Other', 10, 2.0, 7);

-- --------------------------------------------------------

--
-- Table structure for table `department`
--

CREATE TABLE `department` (
  `DEPT_ID` char(5) NOT NULL,
  `DeptName` varchar(50) NOT NULL,
  `DeptHeadquarters` varchar(50) NOT NULL,
  `DeptMinSemesters` int(11) NOT NULL,
  `DeptAddress` varchar(50) NOT NULL,
  `DeptPhoneNumber` varchar(50) NOT NULL,
  `DeptEmail` varchar(50) NOT NULL,
  `DeptWebsite` varchar(50) NOT NULL,
  `DeptSocialMedia` varchar(50) NOT NULL
) ENGINE=InnoDB DEFAULT CHARSET=utf8mb4 COLLATE=utf8mb4_general_ci;

--
-- Dumping data for table `department`
--

INSERT INTO `department` (`DEPT_ID`, `DeptName`, `DeptHeadquarters`, `DeptMinSemesters`, `DeptAddress`, `DeptPhoneNumber`, `DeptEmail`, `DeptWebsite`, `DeptSocialMedia`) VALUES
('14731', 'Informatics', 'Keleou 8 Athens 104 35', 8, 'Keleou 8 Athens 104 35', '2106683642', 'inf14731@dbuni.gr', 'inf.dbuni.gr', 'Inf. DBUniversity'),
('26483', 'Economics', 'Leoforos Panagi Tsaldari 56 Athens 121 34', 8, 'Leoforos Panagi Tsaldari 56 Athens 121 34', '2105721308', 'eco26483@dbuni.gr', 'eco.dbuni.gr', 'Eco. DBUniversity'),
('34892', 'Tourism', 'Messogion Ave. 312 Athens 153 41', 8, 'Messogion Ave. 312 Athens 153 41', '2106504100', 'tour34892@dbuni.gr', 'tour.dbuni.gr', 'Tour. DBUniversity'),
('54856', 'Mathematics', 'Tatoiou 9 Athens 144 51', 8, 'Tatoiou 9 Athens 144 51', '2102810300', 'math54856@dbuni.gr', 'math.dbuni.gr', 'Math. DBUniversity');

-- --------------------------------------------------------

--
-- Table structure for table `examined`
--

CREATE TABLE `examined` (
  `AM_ID` char(10) NOT NULL,
  `COURSE_ID` char(5) NOT NULL,
  `Grade` float(3,1) DEFAULT NULL,
  `ExamDate` date NOT NULL
) ENGINE=InnoDB DEFAULT CHARSET=utf8mb4 COLLATE=utf8mb4_general_ci;

--
-- Dumping data for table `examined`
--

INSERT INTO `examined` (`AM_ID`, `COURSE_ID`, `Grade`, `ExamDate`) VALUES
('eco2021004', '15641', 2.0, '2022-01-20'),
('eco2021004', '15642', 10.0, '2022-01-21'),
('eco2021004', '25641', 9.8, '2022-06-20'),
('eco2021004', '25642', 8.0, '2022-06-21'),
('eco2021004', '35641', 8.0, '2023-01-20'),
('eco2021004', '35642', 1.0, '2023-01-21'),
('eco2021004', '45641', 4.0, '2023-06-20'),
('eco2021004', '45642', 5.9, '2023-06-21'),
('eco2021004', '45643', 1.0, '2023-06-22'),
('eco2021004', '55641', 7.0, '2024-01-20'),
('eco2021004', '55642', 10.0, '2024-01-21'),
('eco2021004', '55643', 9.0, '2024-01-22'),
('eco2021004', '65641', 9.0, '2024-06-20'),
('eco2021004', '65642', 10.0, '2024-06-21'),
('eco2021004', '65643', 4.0, '2024-06-22'),
('eco2021004', '75641', 3.3, '2025-01-20'),
('eco2021004', '75642', 10.0, '2025-01-21'),
('eco2021222', '15641', 5.0, '2022-01-20'),
('eco2021222', '15642', 2.0, '2022-01-21'),
('eco2021222', '25641', 3.0, '2022-06-20'),
('eco2021222', '25642', 10.0, '2022-06-21'),
('eco2021222', '35641', 5.0, '2023-01-20'),
('eco2021222', '35642', 5.4, '2023-01-21'),
('eco2021222', '45641', 8.2, '2023-06-20'),
('eco2021222', '45642', 8.8, '2023-06-21'),
('eco2021222', '45643', 7.0, '2023-06-22'),
('eco2021222', '55641', 7.0, '2024-01-20'),
('eco2021222', '55642', 8.0, '2024-01-21'),
('eco2021222', '55643', 6.0, '2024-01-22'),
('eco2021222', '65641', 3.0, '2024-06-20'),
('eco2021222', '65642', 2.0, '2024-06-21'),
('eco2021222', '65643', 3.4, '2024-06-22'),
('eco2021222', '75641', 2.3, '2025-01-20'),
('eco2021222', '75642', 7.0, '2025-01-21'),
('eco2021314', '15641', 5.0, '2022-01-20'),
('eco2021314', '15642', 6.0, '2022-01-21'),
('eco2021314', '25641', 9.0, '2022-06-20'),
('eco2021314', '25642', 5.6, '2022-06-21'),
('eco2021314', '35641', 8.0, '2023-01-20'),
('eco2021314', '35642', 6.0, '2023-01-21'),
('eco2021314', '35643', 2.0, '2023-01-22'),
('eco2021314', '45641', 4.0, '2023-06-20'),
('eco2021314', '45642', 8.9, '2023-06-21'),
('eco2021314', '45643', 10.0, '2023-06-22'),
('eco2021314', '55641', 4.0, '2024-01-20'),
('eco2021314', '55642', 6.0, '2024-01-21'),
('eco2021314', '55643', 8.9, '2024-01-22'),
('eco2021314', '65641', 3.0, '2024-06-20'),
('eco2021314', '65642', 3.0, '2024-06-21'),
('eco2021314', '65643', 8.0, '2024-06-22'),
('eco2021314', '75641', 3.0, '2025-01-20'),
('eco2021314', '75642', 9.9, '2025-01-21'),
('eco2021789', '15641', 6.0, '2022-01-20'),
('eco2021789', '15642', 1.0, '2022-01-21'),
('eco2021789', '25641', 8.0, '2022-06-20'),
('eco2021789', '25642', 3.0, '2022-06-21'),
('eco2021789', '35641', 5.0, '2023-01-20'),
('eco2021789', '35642', 9.0, '2023-01-21'),
('eco2021789', '45641', 6.0, '2023-06-20'),
('eco2021789', '45642', 7.0, '2023-06-21'),
('eco2021789', '45643', 5.0, '2023-06-22'),
('eco2021789', '55641', 3.0, '2024-01-20'),
('eco2021789', '55642', 5.0, '2024-01-21'),
('eco2021789', '55643', 8.0, '2024-01-22'),
('eco2021789', '65641', 4.0, '2024-06-20'),
('eco2021789', '65642', 6.1, '2024-06-21'),
('eco2021789', '65643', 7.0, '2024-06-22'),
('eco2021789', '75641', 3.0, '2025-01-20'),
('eco2021789', '75642', 8.0, '2025-01-21'),
('eco2021879', '15641', 8.0, '2022-01-20'),
('eco2021879', '15642', 6.6, '2022-01-21'),
('eco2021879', '25641', 4.0, '2022-06-20'),
('eco2021879', '25642', 5.9, '2022-06-21'),
('eco2021879', '35641', 7.0, '2023-01-20'),
('eco2021879', '35642', 7.0, '2023-01-21'),
('eco2021879', '45641', 2.0, '2023-06-20'),
('eco2021879', '45642', 4.0, '2023-06-21'),
('eco2021879', '45643', 10.0, '2023-06-22'),
('eco2021879', '55641', 8.0, '2024-01-20'),
('eco2021879', '55642', 7.3, '2024-01-21'),
('eco2021879', '55643', 9.0, '2024-01-22'),
('eco2021879', '65641', 4.0, '2024-06-20'),
('eco2021879', '65642', 6.1, '2024-06-21'),
('eco2021879', '65643', 7.0, '2024-06-22'),
('eco2021879', '75641', 7.0, '2025-01-20'),
('eco2021879', '75642', 7.0, '2025-01-21'),
('eco2022623', '15641', 10.0, '2023-01-20'),
('eco2022623', '15642', 7.4, '2023-01-21'),
('eco2022623', '25641', 6.0, '2023-06-20'),
('eco2022623', '25642', 2.0, '2023-06-21'),
('eco2022623', '35641', 5.0, '2024-01-20'),
('eco2022623', '35642', 6.0, '2024-01-21'),
('eco2022623', '45641', 10.0, '2024-06-20'),
('eco2022623', '45642', 9.0, '2024-06-21'),
('eco2022623', '45643', 9.7, '2024-06-22'),
('eco2022623', '55641', 10.0, '2025-01-20'),
('eco2022623', '55642', 4.0, '2025-01-21'),
('eco2022623', '55643', 5.0, '2025-01-22'),
('eco2023820', '15641', 1.3, '2024-01-20'),
('eco2023820', '15642', 1.0, '2024-01-21'),
('eco2023820', '25641', 4.0, '2024-06-20'),
('eco2023820', '25642', 3.3, '2024-06-21'),
('eco2023820', '35641', 7.0, '2025-01-20'),
('eco2023820', '35642', 8.0, '2025-01-21'),
('eco2023820', '35643', 10.0, '2025-01-22'),
('eco2024541', '15641', 5.3, '2025-01-20'),
('eco2024541', '15642', 7.1, '2025-01-21'),
('inf2021019', '13211', 4.0, '2022-01-20'),
('inf2021019', '13212', 3.8, '2022-01-21'),
('inf2021019', '23211', 5.7, '2022-06-20'),
('inf2021019', '23212', 3.0, '2022-06-21'),
('inf2021019', '33211', 8.0, '2023-01-20'),
('inf2021019', '33212', 9.0, '2023-01-21'),
('inf2021019', '33213', 8.9, '2023-01-22'),
('inf2021019', '43211', 6.0, '2023-06-20'),
('inf2021019', '43212', 1.2, '2023-06-21'),
('inf2021019', '43213', 1.5, '2023-06-22'),
('inf2021019', '53211', 1.0, '2024-01-20'),
('inf2021019', '53212', 8.6, '2024-01-21'),
('inf2021019', '53213', 3.0, '2024-01-22'),
('inf2021019', '63211', 8.0, '2024-06-20'),
('inf2021019', '63212', 2.5, '2024-06-21'),
('inf2021019', '73211', 4.0, '2025-01-20'),
('inf2021019', '73212', 3.0, '2025-01-21'),
('inf2021019', '73213', 6.0, '2025-01-22'),
('inf2021128', '13211', 9.0, '2022-01-20'),
('inf2021128', '13212', 3.5, '2022-01-21'),
('inf2021128', '23211', 9.0, '2022-06-20'),
('inf2021128', '23212', 1.0, '2022-06-21'),
('inf2021128', '33211', 1.0, '2023-01-20'),
('inf2021128', '33212', 8.0, '2023-01-21'),
('inf2021128', '33213', 3.0, '2023-01-22'),
('inf2021128', '43211', 3.0, '2023-06-20'),
('inf2021128', '43212', 8.1, '2023-06-21'),
('inf2021128', '43213', 4.0, '2023-06-22'),
('inf2021128', '53211', 5.3, '2024-01-20'),
('inf2021128', '53212', 6.0, '2024-01-21'),
('inf2021128', '53213', 6.0, '2024-01-22'),
('inf2021128', '63211', 9.0, '2024-06-20'),
('inf2021128', '63212', 10.0, '2024-06-21'),
('inf2021128', '73211', 9.6, '2025-01-20'),
('inf2021128', '73212', 7.0, '2025-01-21'),
('inf2021212', '13211', 9.4, '2022-01-20'),
('inf2021212', '13212', 4.0, '2022-01-21'),
('inf2021212', '23211', 1.0, '2022-06-20'),
('inf2021212', '23212', 4.0, '2022-06-21'),
('inf2021212', '33211', 1.0, '2023-01-20'),
('inf2021212', '33212', 5.8, '2023-01-21'),
('inf2021212', '33213', 1.0, '2023-01-22'),
('inf2021212', '43211', 9.7, '2023-06-20'),
('inf2021212', '43212', 6.0, '2023-06-21'),
('inf2021212', '43213', 9.0, '2023-06-22'),
('inf2021212', '53211', 3.0, '2024-01-20'),
('inf2021212', '53212', 9.0, '2024-01-21'),
('inf2021212', '53213', 1.0, '2024-01-22'),
('inf2021212', '63211', 3.0, '2024-06-20'),
('inf2021212', '63212', 10.0, '2024-06-21'),
('inf2021212', '73211', 4.5, '2025-01-20'),
('inf2021212', '73212', 1.0, '2025-01-21'),
('inf2021212', '73213', 5.8, '2025-01-22'),
('inf2021672', '13211', 9.0, '2022-01-20'),
('inf2021672', '13212', 10.0, '2022-01-21'),
('inf2021672', '23211', 2.0, '2022-06-20'),
('inf2021672', '23212', 10.0, '2022-06-21'),
('inf2021672', '33211', 7.0, '2023-01-20'),
('inf2021672', '33212', 3.0, '2023-01-21'),
('inf2021672', '33213', 6.3, '2023-01-22'),
('inf2021672', '43211', 7.0, '2023-06-20'),
('inf2021672', '43212', 3.0, '2023-06-21'),
('inf2021672', '43213', 5.0, '2023-06-22'),
('inf2021672', '53211', 6.2, '2024-01-20'),
('inf2021672', '53212', 6.0, '2024-01-21'),
('inf2021672', '53213', 6.0, '2024-01-22'),
('inf2021672', '63211', 4.0, '2024-06-20'),
('inf2021672', '63212', 8.0, '2024-06-21'),
('inf2021672', '73211', 2.0, '2024-06-22'),
('inf2021672', '73212', 9.0, '2024-06-23'),
('inf2021908', '13211', 9.2, '2022-01-20'),
('inf2021908', '13212', 10.0, '2022-01-21'),
('inf2021908', '23211', 5.0, '2022-06-20'),
('inf2021908', '23212', 2.0, '2022-06-21'),
('inf2021908', '33211', 2.0, '2023-01-20'),
('inf2021908', '33212', 10.0, '2023-01-21'),
('inf2021908', '33213', 7.6, '2023-01-22'),
('inf2021908', '43211', 8.0, '2023-06-20'),
('inf2021908', '43212', 9.9, '2023-06-21'),
('inf2021908', '43213', 10.0, '2023-06-22'),
('inf2021908', '53211', 3.0, '2024-01-20'),
('inf2021908', '53212', 4.0, '2024-01-21'),
('inf2021908', '53213', 3.0, '2024-01-22'),
('inf2021908', '63211', 8.7, '2024-06-20'),
('inf2021908', '63212', 2.0, '2024-06-21'),
('inf2021908', '73211', 2.0, '2025-01-20'),
('inf2021908', '73212', 5.0, '2025-01-21'),
('inf2022891', '13211', 10.0, '2023-01-20'),
('inf2022891', '13212', 9.0, '2023-01-21'),
('inf2022891', '23211', 8.0, '2023-06-20'),
('inf2022891', '23212', 7.0, '2023-06-21'),
('inf2022891', '33211', 2.0, '2024-01-20'),
('inf2022891', '33212', 5.0, '2024-01-21'),
('inf2022891', '33213', 3.0, '2024-01-22'),
('inf2022891', '43211', 7.0, '2024-06-20'),
('inf2022891', '43212', 8.0, '2024-06-21'),
('inf2022891', '43213', 2.0, '2024-06-22'),
('inf2022891', '53211', 4.0, '2025-01-20'),
('inf2022891', '53212', 7.0, '2025-01-21'),
('inf2022891', '53213', 6.0, '2025-01-22'),
('inf2023921', '13211', 7.0, '2024-01-20'),
('inf2023921', '13212', 6.0, '2024-01-21'),
('inf2023921', '23211', 5.5, '2024-06-20'),
('inf2023921', '23212', 4.0, '2024-06-21'),
('inf2023921', '23212', 5.0, '2024-09-20'),
('inf2023921', '33211', 8.0, '2025-01-20'),
('inf2023921', '33212', 7.0, '2025-01-21'),
('inf2023921', '33213', 3.0, '2025-01-22'),
('inf2024340', '13211', 9.0, '2025-01-20'),
('inf2024340', '13212', 8.0, '2025-01-21'),
('math202124', '17141', 10.0, '2022-01-20'),
('math202124', '17142', 10.0, '2022-01-21'),
('math202124', '27141', 4.0, '2022-06-20'),
('math202124', '27142', 3.0, '2022-06-21'),
('math202124', '37141', 7.0, '2023-01-20'),
('math202124', '37142', 7.0, '2023-01-21'),
('math202124', '37143', 6.0, '2023-01-22'),
('math202124', '47141', 5.2, '2023-06-20'),
('math202124', '47142', 6.3, '2023-06-21'),
('math202124', '47143', 4.8, '2023-06-22'),
('math202124', '57141', 2.0, '2024-01-20'),
('math202124', '57142', 8.0, '2024-01-21'),
('math202124', '57143', 3.0, '2024-01-22'),
('math202124', '67141', 4.0, '2024-06-20'),
('math202124', '67142', 4.0, '2024-06-21'),
('math202124', '77141', 3.0, '2025-01-20'),
('math202124', '77142', 6.0, '2025-01-21'),
('math202124', '77143', 5.0, '2025-01-22'),
('math202132', '17141', 8.0, '2022-01-20'),
('math202132', '17142', 5.0, '2022-01-21'),
('math202132', '27141', 7.0, '2022-06-20'),
('math202132', '27142', 1.5, '2022-06-21'),
('math202132', '37141', 9.9, '2023-01-20'),
('math202132', '37142', 9.7, '2023-01-21'),
('math202132', '37143', 4.0, '2023-01-22'),
('math202132', '47141', 5.3, '2023-06-20'),
('math202132', '47142', 5.5, '2023-06-21'),
('math202132', '47143', 5.8, '2023-06-22'),
('math202132', '57141', 7.0, '2024-01-20'),
('math202132', '57142', 10.0, '2024-01-21'),
('math202132', '57143', 1.0, '2024-01-22'),
('math202132', '67141', 6.0, '2024-06-20'),
('math202132', '67142', 6.0, '2024-06-21'),
('math202132', '67143', 6.0, '2024-06-22'),
('math202132', '77141', 1.0, '2025-01-20'),
('math202132', '77143', 3.0, '2025-01-21'),
('math202145', '17141', 9.9, '2022-01-20'),
('math202145', '17142', 2.0, '2022-01-21'),
('math202145', '27141', 8.0, '2022-06-20'),
('math202145', '27142', 9.9, '2022-06-21'),
('math202145', '37141', 4.0, '2023-01-20'),
('math202145', '37142', 5.8, '2023-01-21'),
('math202145', '37143', 3.0, '2023-01-22'),
('math202145', '47141', 7.1, '2023-06-20'),
('math202145', '47142', 3.2, '2023-06-21'),
('math202145', '47143', 3.0, '2023-06-22'),
('math202145', '57141', 2.0, '2024-01-20'),
('math202145', '57142', 1.0, '2024-01-21'),
('math202145', '57143', 7.1, '2024-01-22'),
('math202145', '67141', 9.8, '2024-06-20'),
('math202145', '67143', 5.0, '2024-06-21'),
('math202145', '77141', 8.0, '2025-01-20'),
('math202145', '77142', 9.1, '2025-01-21'),
('math202145', '77143', 10.0, '2025-01-22'),
('math202167', '17141', 10.0, '2022-01-20'),
('math202167', '17142', 2.0, '2022-01-21'),
('math202167', '27141', 6.1, '2022-06-20'),
('math202167', '27142', 10.0, '2022-06-21'),
('math202167', '37141', 2.0, '2022-01-22'),
('math202167', '37142', 2.7, '2022-01-20'),
('math202167', '37143', 2.0, '2022-01-21'),
('math202167', '47141', 10.0, '2023-06-20'),
('math202167', '47142', 7.0, '2023-06-21'),
('math202167', '47143', 9.0, '2023-06-22'),
('math202167', '57141', 5.0, '2024-01-20'),
('math202167', '57142', 3.3, '2024-01-21'),
('math202167', '57143', 9.0, '2024-01-22'),
('math202167', '67142', 8.0, '2024-06-20'),
('math202167', '67143', 9.0, '2024-06-21'),
('math202167', '77141', 8.0, '2025-01-20'),
('math202167', '77143', 1.0, '2025-01-21'),
('math202170', '17141', 5.0, '2022-01-20'),
('math202170', '17142', 6.0, '2022-01-21'),
('math202170', '27141', 3.0, '2022-06-20'),
('math202170', '27142', 4.0, '2022-06-21'),
('math202170', '37141', 8.0, '2023-01-20'),
('math202170', '37142', 4.0, '2023-01-20'),
('math202170', '37143', 10.0, '2023-01-21'),
('math202170', '47141', 3.9, '2023-06-20'),
('math202170', '47142', 4.6, '2023-06-21'),
('math202170', '47143', 6.0, '2023-06-22'),
('math202170', '57141', 7.9, '2024-01-20'),
('math202170', '57142', 10.0, '2024-01-20'),
('math202170', '57143', 5.8, '2024-01-21'),
('math202170', '67141', 4.1, '2024-06-20'),
('math202170', '67142', 6.4, '2024-06-21'),
('math202170', '67143', 6.0, '2024-06-22'),
('math202170', '77141', 9.8, '2025-01-20'),
('math202170', '77143', 8.0, '2025-01-21'),
('math202254', '17141', 7.1, '2023-01-20'),
('math202254', '17142', 5.0, '2023-01-21'),
('math202254', '27141', 6.0, '2023-06-20'),
('math202254', '27142', 3.9, '2023-06-21'),
('math202254', '37141', 6.0, '2024-01-20'),
('math202254', '37142', 10.0, '2024-01-21'),
('math202254', '37143', 6.0, '2024-01-22'),
('math202254', '47141', 5.0, '2024-06-20'),
('math202254', '47142', 8.8, '2024-06-21'),
('math202254', '47143', 7.0, '2024-06-22'),
('math202254', '57141', 9.0, '2025-01-20'),
('math202254', '57142', 4.8, '2025-01-21'),
('math202254', '57143', 1.4, '2025-01-22'),
('math202373', '17141', 9.0, '2024-01-20'),
('math202373', '17142', 10.0, '2024-01-21'),
('math202373', '27141', 1.9, '2024-06-20'),
('math202373', '27142', 8.0, '2024-06-21'),
('math202373', '37141', 3.0, '2025-01-20'),
('math202373', '37142', 2.0, '2025-01-21'),
('math202373', '37143', 4.1, '2025-01-22'),
('math202428', '17141', 7.6, '2025-01-20'),
('math202428', '17142', 7.0, '2025-01-21'),
('tour202106', '19051', 5.0, '2022-01-20'),
('tour202106', '19052', 3.5, '2022-01-21'),
('tour202106', '29051', 10.0, '2022-06-20'),
('tour202106', '29052', 10.0, '2022-06-21'),
('tour202106', '39051', 9.0, '2023-01-20'),
('tour202106', '39052', 3.0, '2023-01-21'),
('tour202106', '39053', 9.4, '2023-01-22'),
('tour202106', '49051', 3.0, '2023-06-20'),
('tour202106', '49052', 10.0, '2023-06-21'),
('tour202106', '49053', 8.3, '2023-06-22'),
('tour202106', '59051', 4.0, '2024-01-20'),
('tour202106', '59052', 4.0, '2024-01-21'),
('tour202106', '59053', 3.0, '2024-01-22'),
('tour202106', '69051', 5.1, '2024-06-20'),
('tour202106', '69052', 4.2, '2024-06-21'),
('tour202106', '69053', 2.0, '2024-06-22'),
('tour202106', '79051', 8.6, '2025-01-20'),
('tour202106', '79052', 7.4, '2025-01-21'),
('tour202106', '79053', 2.4, '2025-01-22'),
('tour202130', '19051', 8.0, '2022-01-20'),
('tour202130', '19052', 9.0, '2022-01-21'),
('tour202130', '29051', 4.0, '2022-06-20'),
('tour202130', '29052', 7.7, '2022-06-21'),
('tour202130', '39051', 5.0, '2023-01-20'),
('tour202130', '39052', 3.0, '2023-01-21'),
('tour202130', '39053', 10.0, '2023-01-23'),
('tour202130', '49051', 10.0, '2023-06-20'),
('tour202130', '49052', 5.6, '2023-06-21'),
('tour202130', '59051', 8.2, '2024-01-20'),
('tour202130', '59052', 4.0, '2024-01-21'),
('tour202130', '59053', 1.8, '2024-01-22'),
('tour202130', '69051', 6.0, '2024-06-20'),
('tour202130', '69052', 5.0, '2024-06-21'),
('tour202130', '79051', 7.4, '2025-01-20'),
('tour202130', '79052', 5.9, '2025-01-21'),
('tour202130', '79053', 8.0, '2025-01-22'),
('tour202131', '19051', 7.0, '2022-01-20'),
('tour202131', '19052', 9.3, '2022-01-21'),
('tour202131', '29051', 8.9, '2022-06-20'),
('tour202131', '29052', 4.8, '2022-06-21'),
('tour202131', '39051', 7.0, '2023-01-20'),
('tour202131', '39052', 6.2, '2023-01-21'),
('tour202131', '39053', 6.0, '2023-01-22'),
('tour202131', '49051', 2.0, '2023-06-20'),
('tour202131', '49052', 5.0, '2023-06-21'),
('tour202131', '59051', 6.0, '2024-01-20'),
('tour202131', '59052', 4.0, '2024-01-21'),
('tour202131', '69051', 5.2, '2024-06-20'),
('tour202131', '69052', 4.0, '2024-06-21'),
('tour202131', '69053', 4.9, '2024-06-22'),
('tour202131', '79051', 5.0, '2025-01-20'),
('tour202131', '79052', 7.9, '2025-01-21'),
('tour202131', '79053', 2.0, '2025-01-22'),
('tour202159', '19051', 7.0, '2022-01-20'),
('tour202159', '19052', 5.0, '2022-01-21'),
('tour202159', '29051', 3.0, '2022-06-20'),
('tour202159', '29052', 8.2, '2022-06-21'),
('tour202159', '39051', 6.0, '2023-01-20'),
('tour202159', '39052', 5.0, '2023-01-21'),
('tour202159', '39053', 10.0, '2023-01-22'),
('tour202159', '49051', 6.5, '2023-06-20'),
('tour202159', '49052', 8.0, '2023-06-21'),
('tour202159', '49053', 7.2, '2023-06-22'),
('tour202159', '59051', 2.0, '2024-01-20'),
('tour202159', '59052', 9.0, '2024-01-21'),
('tour202159', '59053', 3.0, '2024-01-22'),
('tour202159', '69051', 6.9, '2024-06-20'),
('tour202159', '69052', 3.2, '2024-06-21'),
('tour202159', '69053', 4.8, '2024-06-22'),
('tour202159', '79051', 3.0, '2025-01-20'),
('tour202159', '79052', 6.0, '2025-01-21'),
('tour202159', '79053', 7.0, '2025-01-22'),
('tour202181', '19051', 4.0, '2022-01-20'),
('tour202181', '19052', 4.0, '2022-01-21'),
('tour202181', '29051', 5.0, '2022-06-20'),
('tour202181', '29052', 9.0, '2022-06-21'),
('tour202181', '39051', 3.1, '2023-01-20'),
('tour202181', '39052', 2.0, '2023-01-21'),
('tour202181', '39053', 1.7, '2023-01-22'),
('tour202181', '49051', 4.0, '2023-06-20'),
('tour202181', '49052', 9.3, '2023-06-21'),
('tour202181', '59051', 1.0, '2024-01-20'),
('tour202181', '59052', 1.5, '2024-01-21'),
('tour202181', '59053', 2.0, '2024-01-22'),
('tour202181', '69051', 8.0, '2024-06-20'),
('tour202181', '69052', 1.9, '2024-06-21'),
('tour202181', '69053', 4.6, '2024-06-22'),
('tour202181', '79051', 10.0, '2025-01-20'),
('tour202181', '79052', 1.0, '2025-01-21'),
('tour202181', '79053', 9.0, '2025-01-22'),
('tour202236', '19051', 5.5, '2023-01-20'),
('tour202236', '19052', 4.0, '2023-01-21'),
('tour202236', '29051', 8.0, '2023-06-20'),
('tour202236', '29052', 4.9, '2023-06-21'),
('tour202236', '39051', 8.0, '2024-01-20'),
('tour202236', '39052', 5.0, '2024-01-21'),
('tour202236', '39053', 5.9, '2024-01-22'),
('tour202236', '49051', 6.0, '2024-06-20'),
('tour202236', '49052', 9.0, '2024-06-21'),
('tour202236', '49053', 6.0, '2024-06-21'),
('tour202236', '59051', 3.0, '2025-01-20'),
('tour202236', '59052', 8.0, '2025-01-21'),
('tour202390', '19051', 6.0, '2024-01-20'),
('tour202390', '19052', 1.0, '2024-01-21'),
('tour202390', '29051', 4.0, '2024-06-20'),
('tour202390', '29052', 3.3, '2024-06-21'),
('tour202390', '39051', 1.0, '2025-01-20'),
('tour202390', '39052', 6.0, '2025-01-21'),
('tour202390', '39053', 5.0, '2025-01-22'),
('tour202478', '19051', 5.0, '2025-01-20'),
('tour202478', '19052', 5.2, '2025-01-21');

-- --------------------------------------------------------

--
-- Table structure for table `postgraduate`
--

CREATE TABLE `postgraduate` (
  `AM_ID` char(10) NOT NULL,
  `FirstDegree` varchar(10) NOT NULL
) ENGINE=InnoDB DEFAULT CHARSET=utf8mb4 COLLATE=utf8mb4_general_ci;

--
-- Dumping data for table `postgraduate`
--

INSERT INTO `postgraduate` (`AM_ID`, `FirstDegree`) VALUES
('eco2019454', 'Mathematic'),
('inf2019978', 'Mathematic'),
('math201997', 'Informatic'),
('tour201945', 'History');

-- --------------------------------------------------------

--
-- Table structure for table `professor`
--

CREATE TABLE `professor` (
  `PROF_ID` char(10) NOT NULL,
  `DEPT_ID` char(5) NOT NULL,
  `ProfFname` varchar(50) NOT NULL,
  `ProfMname` varchar(50) DEFAULT NULL,
  `ProfLname` varchar(50) NOT NULL,
  `ProfAddress` varchar(50) NOT NULL,
  `ProfPhoneNumber` varchar(50) NOT NULL,
  `ProfEmail` varchar(50) NOT NULL,
  `ProfFatherName` varchar(50) NOT NULL,
  `ProfGender` varchar(50) NOT NULL,
  `ProfBirthDate` date NOT NULL,
  `ProfBirthPlace` varchar(50) NOT NULL,
  `ProfCitizenship` varchar(50) NOT NULL,
  `ProfSpeciality` varchar(50) NOT NULL,
  `ProfRank` varchar(50) NOT NULL,
  `ProfSubjectArea` varchar(50) NOT NULL
) ENGINE=InnoDB DEFAULT CHARSET=utf8mb4 COLLATE=utf8mb4_general_ci;

--
-- Dumping data for table `professor`
--

INSERT INTO `professor` (`PROF_ID`, `DEPT_ID`, `ProfFname`, `ProfMname`, `ProfLname`, `ProfAddress`, `ProfPhoneNumber`, `ProfEmail`, `ProfFatherName`, `ProfGender`, `ProfBirthDate`, `ProfBirthPlace`, `ProfCitizenship`, `ProfSpeciality`, `ProfRank`, `ProfSubjectArea`) VALUES
('ecoprof012', '26483', 'Aleksandra', NULL, 'Georgiou', 'Leoforos Panagiotidi 5 560 67 Athens', '6962183059', 'alekioy@dbuni.gr', 'Dimitrios', 'Female', '1983-04-12', 'Argos', 'Greece', 'Economics', 'Professor', 'International Economics'),
('ecoprof132', '26483', 'Spiridon', NULL, 'Marinakis', 'Barimpompi 49 122 95 Athens', '6909754711', 'spiridis@dbuni.gr', 'Christos', 'Male', '1981-11-12', 'Ikaria', 'Greece', 'Economics', 'Associate Professor', 'Public economics'),
('ecoprof144', '26483', 'Panagiotis', 'Nektarios', 'Gialamas', 'Giakoumi 76 757 32 Athens', '6964615091', 'panaghmas@dbuni.gr', 'Spiridon', 'Male', '1977-01-02', 'Thessaloniki', 'Greece', 'Economics', 'Professor', 'Political Economics'),
('ecoprof230', '26483', 'Sotirios', 'Leonidas', 'Meletopoulos', 'Anastasiou 95-94 780 53 Athens', '6910653439', 'sotirlos@dbuni.gr', 'Dionisiοs', 'Male', '1981-12-04', 'Rhodes', 'Greece', 'Economics', 'Associate Professor', 'Macroeconomic policy'),
('ecoprof420', '26483', 'Niki', 'Maria', 'Papakonstantinou', 'Anagnostou 1-3 698 24 Athens', '6974007258', 'nikioy@dbuni.gr', 'Aleksandros', 'Female', '1979-05-29', 'Volos', 'Greece', 'Economics', 'Assistant Professor', 'Mathematical Economics'),
('infprof546', '14731', 'Leonidas', NULL, 'Georgiou', 'Leoforos Papafilippou 3 557 24 Athens', '6974007258', 'leonoy@dbuni.gr', 'Georgios', 'Male', '1979-04-30', 'Ioannina', 'Greece', 'Informatics', 'Assistant Professor', 'Programming and Software Systems'),
('infprof637', '14731', 'Athena', 'Eleni', 'Liapi', 'Leoforos Anifanti 5-3 120 34 Athens', '6943571263', 'athenapi@dbuni.gr', 'Nikolaos', 'Female', '1983-05-12', 'Tripoli', 'Greece', 'Informatics', 'Associate Professor', 'Data structures & Databases'),
('infprof742', '14731', 'Zisis', NULL, 'Liakopoulos', 'Aleksandrou 90-05 743 43 Athens', '6907350751', 'zizislos@dbuni.gr', 'Antonios', 'Male', '1978-08-21', 'Kavala', 'Greece', 'Informatics', 'Professor', 'Parallel Programming and Computing Models'),
('infprof826', '14731', 'Konstantina', NULL, 'Lagoudaki', 'Leoforos Papastamou 74 633 39 Athens', '6914960500', 'konstla@dbuni.gr', 'Georgios', 'Female', '1981-02-01', 'Chania', 'Greece', 'Informatics', 'Associate Professor', 'Multimedia Content Technologies'),
('infprof948', '14731', 'Eleftherios', 'Aggelos', 'Karavias', 'Apostolopoulou 9 857 02 Athens', '6995947445', 'elefkar@dbuni.gr', 'Achilleas', 'Male', '1978-03-02', 'Patras', 'Greece', 'Informatics', 'Professor', 'Computer and Network Security'),
('mathprof00', '54856', 'Konstantina', NULL, 'Boulgari', 'Leoforos Selina 28 021 38 Athens', '6909754711', 'panani@dbuni.gr', 'Dimitrios', 'Female', '1982-12-09', 'Lefkada', 'Greece', 'Mathematics', 'Associate Professor', 'Real Analysis'),
('mathprof10', '54856', 'Glikeria', 'Spiridoula', 'Andreou', 'Leoforos Markopoulou 86 921 68 Athens', '6971157641', 'glikeoy@dbuni.gr', 'Konstantinos', 'Female', '1973-12-29', 'Grevena', 'Greece', 'Mathematics', 'Assistant Professor', 'Mathematical economics'),
('mathprof18', '54856', 'Thomas', 'Agamemnon', 'Maniakis', 'Aleksandrou 74 763 13 Athens', '6913159246', 'thomais@dbuni.gr', 'Nektarios', 'Male', '1976-01-28', 'Athens', 'Greece', 'Mathematics', 'Associate Professor', 'Abstract homotopy theory'),
('mathprof72', '54856', 'Triantafillia', NULL, 'Makri', 'Leoforos Moraiti 30 165 64 Athens', '6995732828', 'triankri@dbuni.gr', 'Stamatios', 'Female', '1982-03-30', 'Korinthos', 'Greece', 'Mathematics', 'Professor', 'Applied mathematics'),
('mathprof99', '54856', 'Anastasios', 'Triantafillos', 'Malaksos', 'Leoforos Papaioannou 6 794 80 Athens', '6991648797', 'anassos@dbuni.gr', 'Nikolaos', 'Male', '1984-09-13', 'Kozani', 'Greece', 'Mathematics', 'Professor', 'Discrete mathematics'),
('tourprof15', '34892', 'Michail', 'Nikolaos', 'Kazakis', 'Paulopoulou 0-2 017 21 Athens', '6982617163', 'mikhis@dbuni.gr', 'Ioannis', 'Male', '1976-11-02', 'Corfu', 'Greece', 'Tourism', 'Professor', 'Service Management and Information Management'),
('tourprof20', '34892', 'Chrisanthi', 'Athena', 'Kouveli', 'Oikonomidou 8 782 09 Athens', '6940009588', 'xrisaeli@dbuni.gr', 'Aimilios', 'Female', '1979-05-24', 'Chios', 'Greece', 'Tourism', 'Associate Professor', 'Strategic Business Planning'),
('tourprof23', '34892', 'Aggeliki', 'Katerina', 'Akrida', 'Georgiou 36 928 70 Athens', '6913042593', 'aghgida@dbuni.gr', 'Antreas', 'Female', '1984-02-28', 'Rethimno', 'Greece', 'Tourism', 'Assistant Professor', 'E-business and Digital Marketing'),
('tourprof40', '34892', 'Stamatios', NULL, 'Giannoulis', 'Oikonomou 107 453 49 Athens', '6920982099', 'stamais@dbuni.gr', 'Petros', 'Male', '1983-06-10', 'Igoumenitsa', 'Greece', 'Tourism', 'Associate Professor', 'Digital Technologies in Tourism'),
('tourprof54', '34892', 'Christodoulos', NULL, 'Lampropoulos', 'Leoforos Konstantopoulou 9 980 52 Athens', '6968507958', 'xristolos@dbuni.gr', 'Nikolaos', 'Male', '1982-01-30', 'Trikala', 'Greece', 'Tourism', 'Professor', 'Business Risk Modelling and Management');

-- --------------------------------------------------------

--
-- Table structure for table `ptc`
--

CREATE TABLE `ptc` (
  `AM_ID` char(10) NOT NULL,
  `UniversityOfOrigin` varchar(50) NOT NULL,
  `DepartmentOfOrigin` varchar(50) NOT NULL
) ENGINE=InnoDB DEFAULT CHARSET=utf8mb4 COLLATE=utf8mb4_general_ci;

--
-- Dumping data for table `ptc`
--

INSERT INTO `ptc` (`AM_ID`, `UniversityOfOrigin`, `DepartmentOfOrigin`) VALUES
('eco2018213', 'Athens University of Economics and Business', 'Economics'),
('inf2018815', 'Ionian University', 'Informatics'),
('math201873', 'University of Patras', 'Mathematics'),
('tour201813', 'Ionian University', 'Tourism');

-- --------------------------------------------------------

--
-- Table structure for table `register`
--

CREATE TABLE `register` (
  `AM_ID` char(10) NOT NULL,
  `COURSE_ID` char(5) NOT NULL
) ENGINE=InnoDB DEFAULT CHARSET=utf8mb4 COLLATE=utf8mb4_general_ci;

--
-- Dumping data for table `register`
--

INSERT INTO `register` (`AM_ID`, `COURSE_ID`) VALUES
('eco2021004', '15641'),
('eco2021004', '15642'),
('eco2021004', '25641'),
('eco2021004', '25642'),
('eco2021004', '35641'),
('eco2021004', '35642'),
('eco2021004', '45641'),
('eco2021004', '45642'),
('eco2021004', '45643'),
('eco2021004', '55641'),
('eco2021004', '55642'),
('eco2021004', '55643'),
('eco2021004', '65641'),
('eco2021004', '65642'),
('eco2021004', '65643'),
('eco2021004', '75641'),
('eco2021004', '75642'),
('eco2021004', '85641'),
('eco2021004', '85642'),
('eco2021004', '85643'),
('eco2021004', 'THECO'),
('eco2021222', '15641'),
('eco2021222', '15642'),
('eco2021222', '25641'),
('eco2021222', '25642'),
('eco2021222', '35641'),
('eco2021222', '35642'),
('eco2021222', '45641'),
('eco2021222', '45642'),
('eco2021222', '45643'),
('eco2021222', '55641'),
('eco2021222', '55642'),
('eco2021222', '55643'),
('eco2021222', '65641'),
('eco2021222', '65642'),
('eco2021222', '65643'),
('eco2021222', '75641'),
('eco2021222', '75642'),
('eco2021222', '85641'),
('eco2021222', '85642'),
('eco2021222', '85643'),
('eco2021222', 'THECO'),
('eco2021314', '15641'),
('eco2021314', '15642'),
('eco2021314', '25641'),
('eco2021314', '25642'),
('eco2021314', '35641'),
('eco2021314', '35642'),
('eco2021314', '35643'),
('eco2021314', '45641'),
('eco2021314', '45642'),
('eco2021314', '45643'),
('eco2021314', '55641'),
('eco2021314', '55642'),
('eco2021314', '55643'),
('eco2021314', '65641'),
('eco2021314', '65642'),
('eco2021314', '65643'),
('eco2021314', '75641'),
('eco2021314', '75642'),
('eco2021314', '85641'),
('eco2021314', '85642'),
('eco2021314', '85643'),
('eco2021789', '15641'),
('eco2021789', '15642'),
('eco2021789', '25641'),
('eco2021789', '25642'),
('eco2021789', '35641'),
('eco2021789', '35642'),
('eco2021789', '45641'),
('eco2021789', '45642'),
('eco2021789', '45643'),
('eco2021789', '55641'),
('eco2021789', '55642'),
('eco2021789', '55643'),
('eco2021789', '65641'),
('eco2021789', '65642'),
('eco2021789', '65643'),
('eco2021789', '75641'),
('eco2021789', '75642'),
('eco2021789', '85641'),
('eco2021789', '85642'),
('eco2021789', '85643'),
('eco2021879', '15641'),
('eco2021879', '15642'),
('eco2021879', '25641'),
('eco2021879', '25642'),
('eco2021879', '35641'),
('eco2021879', '35642'),
('eco2021879', '45641'),
('eco2021879', '45642'),
('eco2021879', '45643'),
('eco2021879', '55641'),
('eco2021879', '55642'),
('eco2021879', '55643'),
('eco2021879', '65641'),
('eco2021879', '65642'),
('eco2021879', '65643'),
('eco2021879', '75641'),
('eco2021879', '75642'),
('eco2021879', '85641'),
('eco2021879', '85642'),
('eco2021879', '85643'),
('eco2021879', 'THECO'),
('eco2022623', '15641'),
('eco2022623', '15642'),
('eco2022623', '25641'),
('eco2022623', '25642'),
('eco2022623', '35641'),
('eco2022623', '35642'),
('eco2022623', '45641'),
('eco2022623', '45642'),
('eco2022623', '45643'),
('eco2022623', '55641'),
('eco2022623', '55642'),
('eco2022623', '55643'),
('eco2022623', '65641'),
('eco2022623', '65642'),
('eco2022623', '65643'),
('eco2023820', '15641'),
('eco2023820', '15642'),
('eco2023820', '25641'),
('eco2023820', '25642'),
('eco2023820', '35641'),
('eco2023820', '35642'),
('eco2023820', '35643'),
('eco2023820', '45641'),
('eco2023820', '45642'),
('eco2023820', '45643'),
('eco2024541', '15641'),
('eco2024541', '15642'),
('eco2024541', '25641'),
('eco2024541', '25642'),
('inf2021019', '13211'),
('inf2021019', '13212'),
('inf2021019', '23211'),
('inf2021019', '23212'),
('inf2021019', '33211'),
('inf2021019', '33212'),
('inf2021019', '33213'),
('inf2021019', '43211'),
('inf2021019', '43212'),
('inf2021019', '43213'),
('inf2021019', '53211'),
('inf2021019', '53212'),
('inf2021019', '53213'),
('inf2021019', '63211'),
('inf2021019', '63212'),
('inf2021019', '73211'),
('inf2021019', '73212'),
('inf2021019', '73213'),
('inf2021019', '83211'),
('inf2021019', '83212'),
('inf2021019', '83213'),
('inf2021019', 'THINF'),
('inf2021128', '13211'),
('inf2021128', '13212'),
('inf2021128', '23211'),
('inf2021128', '23212'),
('inf2021128', '33211'),
('inf2021128', '33212'),
('inf2021128', '33213'),
('inf2021128', '43211'),
('inf2021128', '43212'),
('inf2021128', '43213'),
('inf2021128', '53211'),
('inf2021128', '53212'),
('inf2021128', '53213'),
('inf2021128', '63211'),
('inf2021128', '63212'),
('inf2021128', '73211'),
('inf2021128', '73212'),
('inf2021128', '83211'),
('inf2021128', '83212'),
('inf2021128', '83213'),
('inf2021128', 'THINF'),
('inf2021212', '13211'),
('inf2021212', '13212'),
('inf2021212', '23211'),
('inf2021212', '23212'),
('inf2021212', '33211'),
('inf2021212', '33212'),
('inf2021212', '33213'),
('inf2021212', '43211'),
('inf2021212', '43212'),
('inf2021212', '43213'),
('inf2021212', '53211'),
('inf2021212', '53212'),
('inf2021212', '53213'),
('inf2021212', '63211'),
('inf2021212', '63212'),
('inf2021212', '73211'),
('inf2021212', '73212'),
('inf2021212', '73213'),
('inf2021212', '83211'),
('inf2021212', '83212'),
('inf2021212', 'THINF'),
('inf2021672', '13211'),
('inf2021672', '13212'),
('inf2021672', '23211'),
('inf2021672', '23212'),
('inf2021672', '33211'),
('inf2021672', '33212'),
('inf2021672', '33213'),
('inf2021672', '43211'),
('inf2021672', '43212'),
('inf2021672', '43213'),
('inf2021672', '53211'),
('inf2021672', '53212'),
('inf2021672', '53213'),
('inf2021672', '63211'),
('inf2021672', '63212'),
('inf2021672', '73211'),
('inf2021672', '73212'),
('inf2021672', '83211'),
('inf2021672', '83212'),
('inf2021672', 'THINF'),
('inf2021908', '13211'),
('inf2021908', '13212'),
('inf2021908', '23211'),
('inf2021908', '23212'),
('inf2021908', '33211'),
('inf2021908', '33212'),
('inf2021908', '33213'),
('inf2021908', '43211'),
('inf2021908', '43212'),
('inf2021908', '43213'),
('inf2021908', '53211'),
('inf2021908', '53212'),
('inf2021908', '53213'),
('inf2021908', '63211'),
('inf2021908', '63212'),
('inf2021908', '73211'),
('inf2021908', '73212'),
('inf2021908', '83211'),
('inf2021908', '83212'),
('inf2021908', 'THINF'),
('inf2022891', '13211'),
('inf2022891', '13212'),
('inf2022891', '23211'),
('inf2022891', '23212'),
('inf2022891', '33211'),
('inf2022891', '33212'),
('inf2022891', '33213'),
('inf2022891', '43211'),
('inf2022891', '43212'),
('inf2022891', '43213'),
('inf2022891', '53211'),
('inf2022891', '53212'),
('inf2022891', '53213'),
('inf2022891', '63211'),
('inf2022891', '63212'),
('inf2023921', '13211'),
('inf2023921', '13212'),
('inf2023921', '23211'),
('inf2023921', '23212'),
('inf2023921', '33211'),
('inf2023921', '33212'),
('inf2023921', '33213'),
('inf2023921', '43211'),
('inf2023921', '43212'),
('inf2023921', '43213'),
('inf2024340', '13211'),
('inf2024340', '13212'),
('inf2024340', '23211'),
('inf2024340', '23212'),
('math202124', '17141'),
('math202124', '17142'),
('math202124', '27141'),
('math202124', '27142'),
('math202124', '37141'),
('math202124', '37142'),
('math202124', '37143'),
('math202124', '47141'),
('math202124', '47142'),
('math202124', '47143'),
('math202124', '57141'),
('math202124', '57142'),
('math202124', '57143'),
('math202124', '67141'),
('math202124', '67142'),
('math202124', '77141'),
('math202124', '77142'),
('math202124', '77143'),
('math202124', '87141'),
('math202124', '87143'),
('math202124', 'THMAT'),
('math202132', '17141'),
('math202132', '17142'),
('math202132', '27141'),
('math202132', '27142'),
('math202132', '37141'),
('math202132', '37142'),
('math202132', '37143'),
('math202132', '47141'),
('math202132', '47142'),
('math202132', '47143'),
('math202132', '57141'),
('math202132', '57142'),
('math202132', '57143'),
('math202132', '67141'),
('math202132', '67142'),
('math202132', '67143'),
('math202132', '77141'),
('math202132', '77143'),
('math202132', '87142'),
('math202132', '87143'),
('math202132', 'THMAT'),
('math202145', '17141'),
('math202145', '17142'),
('math202145', '27141'),
('math202145', '27142'),
('math202145', '37141'),
('math202145', '37142'),
('math202145', '37143'),
('math202145', '47141'),
('math202145', '47142'),
('math202145', '47143'),
('math202145', '57141'),
('math202145', '57142'),
('math202145', '57143'),
('math202145', '67141'),
('math202145', '67143'),
('math202145', '77141'),
('math202145', '77142'),
('math202145', '77143'),
('math202145', '87141'),
('math202145', '87142'),
('math202145', 'THMAT'),
('math202167', '17141'),
('math202167', '17142'),
('math202167', '27141'),
('math202167', '27142'),
('math202167', '37141'),
('math202167', '37142'),
('math202167', '37143'),
('math202167', '47141'),
('math202167', '47142'),
('math202167', '47143'),
('math202167', '57141'),
('math202167', '57142'),
('math202167', '57143'),
('math202167', '67142'),
('math202167', '67143'),
('math202167', '77141'),
('math202167', '77143'),
('math202167', '87141'),
('math202167', '87142'),
('math202167', '87143'),
('math202167', 'THMAT'),
('math202170', '17141'),
('math202170', '17142'),
('math202170', '27141'),
('math202170', '27142'),
('math202170', '37141'),
('math202170', '37142'),
('math202170', '37143'),
('math202170', '47141'),
('math202170', '47142'),
('math202170', '47143'),
('math202170', '57141'),
('math202170', '57142'),
('math202170', '57143'),
('math202170', '67141'),
('math202170', '67142'),
('math202170', '67143'),
('math202170', '77141'),
('math202170', '77143'),
('math202170', '87141'),
('math202170', '87142'),
('math202170', 'THMAT'),
('math202254', '17141'),
('math202254', '17142'),
('math202254', '27141'),
('math202254', '27142'),
('math202254', '37141'),
('math202254', '37142'),
('math202254', '37143'),
('math202254', '47141'),
('math202254', '47142'),
('math202254', '47143'),
('math202254', '57141'),
('math202254', '57142'),
('math202254', '57143'),
('math202254', '67141'),
('math202254', '67142'),
('math202373', '17141'),
('math202373', '17142'),
('math202373', '27141'),
('math202373', '27142'),
('math202373', '37141'),
('math202373', '37142'),
('math202373', '37143'),
('math202373', '47141'),
('math202373', '47142'),
('math202373', '47143'),
('math202428', '17141'),
('math202428', '17142'),
('math202428', '27141'),
('math202428', '27142'),
('tour202106', '19051'),
('tour202106', '19052'),
('tour202106', '29051'),
('tour202106', '29052'),
('tour202106', '39051'),
('tour202106', '39052'),
('tour202106', '39053'),
('tour202106', '49051'),
('tour202106', '49052'),
('tour202106', '49053'),
('tour202106', '59051'),
('tour202106', '59052'),
('tour202106', '59053'),
('tour202106', '69051'),
('tour202106', '69052'),
('tour202106', '69053'),
('tour202106', '79051'),
('tour202106', '79052'),
('tour202106', '79053'),
('tour202106', '89051'),
('tour202106', '89052'),
('tour202106', '89053'),
('tour202106', 'THTOU'),
('tour202130', '19051'),
('tour202130', '19052'),
('tour202130', '29051'),
('tour202130', '29052'),
('tour202130', '39051'),
('tour202130', '39052'),
('tour202130', '39053'),
('tour202130', '49051'),
('tour202130', '49052'),
('tour202130', '59051'),
('tour202130', '59052'),
('tour202130', '59053'),
('tour202130', '69051'),
('tour202130', '69052'),
('tour202130', '79051'),
('tour202130', '79052'),
('tour202130', '79053'),
('tour202130', '89051'),
('tour202130', '89052'),
('tour202130', '89053'),
('tour202130', 'THTOU'),
('tour202131', '19051'),
('tour202131', '19052'),
('tour202131', '29051'),
('tour202131', '29052'),
('tour202131', '39051'),
('tour202131', '39052'),
('tour202131', '39053'),
('tour202131', '49051'),
('tour202131', '49052'),
('tour202131', '59051'),
('tour202131', '59052'),
('tour202131', '69051'),
('tour202131', '69052'),
('tour202131', '69053'),
('tour202131', '79051'),
('tour202131', '79052'),
('tour202131', '79053'),
('tour202131', '89051'),
('tour202131', '89052'),
('tour202131', '89053'),
('tour202131', 'THTOU'),
('tour202159', '19051'),
('tour202159', '19052'),
('tour202159', '29051'),
('tour202159', '29052'),
('tour202159', '39051'),
('tour202159', '39052'),
('tour202159', '39053'),
('tour202159', '49051'),
('tour202159', '49052'),
('tour202159', '49053'),
('tour202159', '59051'),
('tour202159', '59052'),
('tour202159', '59053'),
('tour202159', '69051'),
('tour202159', '69052'),
('tour202159', '69053'),
('tour202159', '79051'),
('tour202159', '79052'),
('tour202159', '79053'),
('tour202159', '89051'),
('tour202159', '89052'),
('tour202159', 'THTOU'),
('tour202181', '19051'),
('tour202181', '19052'),
('tour202181', '29051'),
('tour202181', '29052'),
('tour202181', '39051'),
('tour202181', '39052'),
('tour202181', '39053'),
('tour202181', '49051'),
('tour202181', '49052'),
('tour202181', '59051'),
('tour202181', '59052'),
('tour202181', '59053'),
('tour202181', '69051'),
('tour202181', '69052'),
('tour202181', '69053'),
('tour202181', '79051'),
('tour202181', '79052'),
('tour202181', '79053'),
('tour202181', '89051'),
('tour202181', '89052'),
('tour202181', 'THTOU'),
('tour202236', '19051'),
('tour202236', '19052'),
('tour202236', '29051'),
('tour202236', '29052'),
('tour202236', '39051'),
('tour202236', '39052'),
('tour202236', '39053'),
('tour202236', '49051'),
('tour202236', '49052'),
('tour202236', '49053'),
('tour202236', '59051'),
('tour202236', '59052'),
('tour202236', '69051'),
('tour202236', '69052'),
('tour202236', '69053'),
('tour202390', '19051'),
('tour202390', '19052'),
('tour202390', '29051'),
('tour202390', '29052'),
('tour202390', '39051'),
('tour202390', '39052'),
('tour202390', '39053'),
('tour202390', '49051'),
('tour202390', '49052'),
('tour202478', '19051'),
('tour202478', '19052'),
('tour202478', '29051'),
('tour202478', '29052');

-- --------------------------------------------------------

--
-- Table structure for table `requires`
--

CREATE TABLE `requires` (
  `COURSE_ID` char(5) NOT NULL,
  `PREREQ_ID` char(5) NOT NULL
) ENGINE=InnoDB DEFAULT CHARSET=utf8mb4 COLLATE=utf8mb4_general_ci;

--
-- Dumping data for table `requires`
--

INSERT INTO `requires` (`COURSE_ID`, `PREREQ_ID`) VALUES
('25642', '15642'),
('27141', '17141'),
('37141', '27141'),
('45641', '35641'),
('45642', '35642'),
('45643', '35643'),
('47143', '37142'),
('53211', '43211'),
('53213', '43213'),
('57141', '47142'),
('65642', '55641'),
('65643', '55642'),
('67142', '27142'),
('77141', '47141'),
('87141', '67141'),
('87142', '67143');

-- --------------------------------------------------------

--
-- Table structure for table `student`
--

CREATE TABLE `student` (
  `AM_ID` char(10) NOT NULL,
  `DEPT_ID` char(5) NOT NULL,
  `PROF_ID` char(10) NOT NULL,
  `StudFname` varchar(50) NOT NULL,
  `StudMname` varchar(50) DEFAULT NULL,
  `StudLname` varchar(50) NOT NULL,
  `StudAddress` varchar(50) NOT NULL,
  `StudPhoneNumber` varchar(50) NOT NULL,
  `StudEmail` varchar(50) NOT NULL,
  `StudFatherName` varchar(50) NOT NULL,
  `StudGender` varchar(50) NOT NULL,
  `StudBirthDate` date NOT NULL,
  `StudBirthPlace` varchar(50) NOT NULL,
  `StudCitizenship` varchar(50) NOT NULL
) ENGINE=InnoDB DEFAULT CHARSET=utf8mb4 COLLATE=utf8mb4_general_ci;

--
-- Dumping data for table `student`
--

INSERT INTO `student` (`AM_ID`, `DEPT_ID`, `PROF_ID`, `StudFname`, `StudMname`, `StudLname`, `StudAddress`, `StudPhoneNumber`, `StudEmail`, `StudFatherName`, `StudGender`, `StudBirthDate`, `StudBirthPlace`, `StudCitizenship`) VALUES
('eco2018213', '26483', 'ecoprof012', 'Aristidis', 'Pantelis', 'Georgiou', 'Papadopoulou 8 549 95', '6919734434', 'arisioy@dbuni.gr', 'Emmanouil', 'Male', '2000-02-03', 'Naousa', 'Greece'),
('eco2019454', '26483', 'ecoprof132', 'Elisavet', 'Aleksandra', 'Papanikolaou', 'Aleksiou 30 498 91 Athens', '6925432788', 'elisaaoy@dbuni.gr', 'Spiridon', 'Female', '2001-08-27', 'Aigio', 'Greece'),
('eco2021004', '26483', 'ecoprof132', 'Eleni', NULL, 'Oikonomou', 'Aksioti 43 046 26 Athens', '6921194067', 'elenioy@dbuni.gr', 'Pantelis', 'Female', '2003-11-09', 'Arta', 'Greece'),
('eco2021222', '26483', 'ecoprof012', 'Pantelis', NULL, 'Mavrogenis', 'Ragkou 3 500 25 Athens', '6968519749', 'pantenis@dbuni.gr', 'Anastasios', 'Male', '2003-11-26', 'Argos', 'Greece'),
('eco2021314', '26483', 'ecoprof132', 'Anna', 'Spiridoula', 'Livaditi', 'Leoforos Konstantinidi 4 337 41 Athens', '6984662091', 'annaleiti@dbuni.gr', 'Stergios', 'Female', '2003-01-28', 'Preveza', 'Greece'),
('eco2021789', '26483', 'ecoprof132', 'Chrisostomos', 'Spiridon', 'Georgiadis', 'Leoforos Stamatiadi 3 752 62 Athens', '6951619754', 'xrisosdis@dbuni.gr', 'Eustratios', 'Male', '2003-08-09', 'Livadeia', 'Greece'),
('eco2021879', '26483', 'ecoprof012', 'Glikeria', NULL, 'Litra', 'Karavias 77 647 31 Athens', '6925321365', 'glikertra@dbuni.gr', 'Nikolaos', 'Female', '2003-09-25', 'Thebes', 'Greece'),
('eco2022623', '26483', 'ecoprof144', 'Eleftheria', 'Maria', 'Nikolaidi', 'Ouzounidi 43 395 62 Athens', '6982946987', 'elefthidi@dbuni.gr', 'Georgios', 'Female', '2004-05-01', 'Kilkis', 'Greece'),
('eco2023820', '26483', 'ecoprof230', 'Vasiliki', NULL, 'Eleftheriou', 'Karsivani 7 114 00 Athens', '6970372947', 'basiioy@dbuni.gr', 'Aristidis', 'Female', '2005-12-31', 'Salamina', 'Greece'),
('eco2024541', '26483', 'ecoprof420', 'Christodoulos', 'Aleksandros', 'Gkofas', 'Makri 7 901 52 Athens', '6902390519', 'xrisas@dbuni.gr', 'Ioannis', 'Male', '2006-01-31', 'Ptolemaida', 'Greece'),
('inf2018815', '14731', 'infprof948', 'Aglaia', NULL, 'Deli', 'Dimitriadou 55 389 52 Athens', '6985741696', 'aghlaeli@dbuni.gr', 'Savvas', 'Female', '2000-04-06', 'Athens', 'Greece'),
('inf2019978', '14731', 'infprof546', 'Georgios', 'Marios', 'Aggelakidis', 'Leoforos Theodoropoulou 4 366 93 Athens', '6978141035', 'gewrghis@dbuni.gr', 'Nikolaos', 'Male', '2001-09-12', 'Thessaloniki', 'Greece'),
('inf2021019', '14731', 'infprof948', 'Iordanis', NULL, 'Gkofas', 'Karsivani 89 746 54 Athens', '6994005924', 'iordfas@dbuni.gr', 'Christodoulos', 'Male', '2003-11-30', 'Koropi', 'Greece'),
('inf2021128', '14731', 'infprof948', 'Efstathios', NULL, 'Germanou', 'Leoforos Basileiou 73 049 94', '6925599688', 'efstaou@dbuni.gr', 'Antonios', 'Male', '2003-10-10', 'Giannitsa', 'Greece'),
('inf2021212', '14731', 'infprof546', 'Zacharoula', 'Nikoleta', 'Vougiouklaki', 'Kapnou 76 854 82 Athens', '6904483295', 'zakhaki@dbuni.gr', 'Achilleas', 'Female', '2003-05-20', 'Orestiada', 'Greece'),
('inf2021672', '14731', 'infprof546', 'Stefanos', NULL, 'Christopoulos', 'Leoforos Konstantopoulou 27 327 097 Athens', '6987831831', 'stefanosch@dbuni.gr', 'Spiridon', 'Μale', '2003-12-10', 'Edessa', 'Greece'),
('inf2021908', '14731', 'infprof546', 'Anthi', 'Maria', 'Mavridi', 'Makri 215 272 79 Athens', '6936420942', 'anthiidi@dbuni.gr', 'Stefanos', 'Female', '2003-02-19', 'Karditsa', 'Greece'),
('inf2022891', '14731', 'infprof637', 'Elisavet', 'Anthi', 'Makri', 'Laskarou 9 756 08 Athens', '6902994447', 'elisavkri@dbuni.gr', 'Nikolaos', 'Female', '2004-07-21', 'Florina', 'Greece'),
('inf2023921', '14731', 'infprof742', 'Chrisanthi', 'Eleni', 'Kouveli', 'Selina 24 678 02 Athens', '6944768110', 'xrisali@dbuni.gr', 'Fotios', 'Female', '2005-02-19', 'Kastoria', 'Greece'),
('inf2024340', '14731', 'infprof826', 'Efstratios', NULL, 'Ioannou', 'Leoforos Bitali 3 125 43 Athens', '6958703231', 'efstranoy@dbuni.gr', 'Georgios', 'Male', '2006-04-20', 'Aleksandreia', 'Greece'),
('math201873', '54856', 'mathprof00', 'Eleftheria', 'Maria', 'Oikonomou', 'Leoforos Chatziioannou 71 632 32 Athens', '6970126992', 'elefthmoy@dbuni.gr', 'Dionisios', 'Female', '2000-04-06', 'Larissa', 'Greece'),
('math201997', '54856', 'mathprof10', 'Dimitrios', 'Theodoros', 'Giannaris', 'Leoforos Vitali 1 309 15 Athens', '6968971627', 'dimitis@dbuni.gr', 'Nikolaos', 'Male', '2001-02-21', 'Florina', 'Greece'),
('math202124', '54856', 'mathprof10', 'Stauros', NULL, 'Maragkos', 'Leoforos Daskalopoulou 6 459 06 Athens', '6944778986', 'staurosma@dbuni.gr', 'Stamatios', 'Male', '2003-10-01', 'Nafpaktos', 'Greece'),
('math202132', '54856', 'mathprof00', 'Marios', NULL, 'Giannopoulos', 'Koutalianou 46 075 11 Athens', '6944483855', 'mariolos@dbuni.gr', 'Panagiotis', 'Male', '2003-11-12', 'Kastoria', 'Greece'),
('math202145', '54856', 'mathprof10', 'Efthimia', NULL, 'Boulgari', 'Leoforos Mpogri 9 258 06 Athens', '6952139424', 'efthimri@dbuni.gr', 'Kosmas', 'Female', '2003-01-30', 'Katerini', 'Greece'),
('math202167', '54856', 'mathprof00', 'Basiliki', 'Eugenia', 'Oikonomidi', 'Leoforos Milona 50 884 58 Athens', '6912660161', 'basilidi@dbuni.gr', 'Anestis', 'Female', '2003-02-27', 'Karditsa', 'Greece'),
('math202170', '54856', 'mathprof00', 'Grigorios', 'Lazaros', 'Mitzou', 'Leoforos Ioannidi 23 422 21 Athens', '6995175365', 'grigoy@dbuni.gr', 'Aristidis', 'Male', '2003-01-02', 'Xanth', 'Greece'),
('math202254', '54856', 'mathprof18', 'Thomai', 'Stiliani', 'Metaksa', 'Papakosta 26 452 43 Athens', '6969767622', 'thomsa@dbuni.gr', 'Christos', 'Female', '2004-08-01', 'Aigio', 'Greece'),
('math202373', '54856', 'mathprof72', 'Adam', NULL, 'Kazakis', 'Leoforos Theodorou 60 620 57 Athens', '6974193736', 'adamkais@dbuni.gr', 'Konstantinos', 'Male', '2005-04-09', 'Heraklion', 'Greece'),
('math202428', '54856', 'mathprof99', 'Zacharias', 'Charalampos', 'Papageorgiou', 'Papandreou 23 840 39 Athens', '6979430895', 'zakhaioy@dbuni.gr', 'Iakovos', 'Male', '2006-12-12', 'Athens', 'Greece'),
('tour201813', '34892', 'tourprof20', 'Lampros', 'Georgios', 'Giannopoulos', 'Leoforos Charalampidi 9 900 03 Athens', '6940937586', 'lamprosgian@dbuni.gr', 'Nikolaos', 'Male', '2000-09-03', 'Aspropyrgos', 'Greece'),
('tour201945', '34892', 'tourprof15', 'Marina', 'Spiridoula', 'Maggina', 'Leoforos Dimitriadou 80 567 98 Athens', '6924697906', 'marinaina@dbuni.gr', 'Aleksandros', 'Female', '2001-06-21', 'Rethymno', 'Greece'),
('tour202106', '34892', 'tourprof20', 'Kosmas', 'Gerasimos', 'Gialamas', 'Kontou 206 979 42 Athens', '6943892968', 'kosmasgia@dbuni.gr', 'Lazaros', 'Male', '2003-07-01', 'Agrinio', 'Greece'),
('tour202130', '34892', 'tourprof20', 'Anthi', NULL, 'Daskalopoulou', 'Foskia 27 196 75 Athens', '6947080933', 'anthioy@dbuni.gr', 'Antreas', 'Female', '2003-10-27', 'Alexandroupoli', 'Greece'),
('tour202131', '34892', 'tourprof20', 'Elpida', 'Maria', 'Lagoudaki', 'Mavrilidi 5 046 14 Athens', '6987168106', 'elpidaki@dbuni.gr', 'Georgios', 'Female', '2003-02-28', 'Drama', 'Greece'),
('tour202159', '34892', 'tourprof15', 'Vasiliki', NULL, 'Eleftheriou', 'Triantafillidou 75 874 10 Athens', '6927281636', 'basilioy@dbuni.gr', 'Spiridon', 'Female', '2003-03-16', 'Veria', 'Greece'),
('tour202181', '34892', 'tourprof15', 'Charalampos', NULL, 'Papadakis', 'Leoforos Germanou 9 674 71 Athens', '6992773557', 'xarakis@dbuni.gr', 'Lampros', 'Male', '2003-02-19', 'Lamia', 'Greece'),
('tour202236', '34892', 'tourprof23', 'Steriani', 'Efstathia', 'Athanasiou', 'Papadaki 2 734 98 Athens', '6957834012', 'steroy@dbuni.gr', 'Nikolaos', 'Female', '2004-05-01', 'Kalamata', 'Greece'),
('tour202390', '34892', 'tourprof40', 'Lampros', NULL, 'Kavalouris', 'Leoforos Rafti 8 655 28 Athens', '6902362920', 'lampis@dbuni.gr', 'Theodoros', 'Male', '2005-11-28', 'Corfu', 'Greece'),
('tour202478', '34892', 'tourprof54', 'Evanthia', 'Aggeliki', 'Mari', 'Leoforos Tamtakou 85 176 33 Athens', '6968362604', 'efantari@dbuni.gr', 'Stefanos', 'Female', '2006-04-04', 'Serres', 'Greece');

-- --------------------------------------------------------

--
-- Table structure for table `thesis`
--

CREATE TABLE `thesis` (
  `AM_ID` char(10) NOT NULL,
  `COURSE_ID` char(5) NOT NULL,
  `PROF_ID` char(10) NOT NULL,
  `ThesisName` varchar(100) NOT NULL,
  `Mandatory` tinyint(1) NOT NULL,
  `RestrOnWhenToStart` varchar(50) DEFAULT NULL,
  `MinCompletionTime` varchar(50) DEFAULT NULL,
  `MaxCompletionTime` varchar(50) DEFAULT NULL
) ENGINE=InnoDB DEFAULT CHARSET=utf8mb4 COLLATE=utf8mb4_general_ci;

--
-- Dumping data for table `thesis`
--

INSERT INTO `thesis` (`AM_ID`, `COURSE_ID`, `PROF_ID`, `ThesisName`, `Mandatory`, `RestrOnWhenToStart`, `MinCompletionTime`, `MaxCompletionTime`) VALUES
('eco2021004', 'THECO', 'ecoprof420', 'Asymmetric information & health economics', 0, 'ALL COMPULSORY COURSES PASSED AND GPA >= 7.5', '1 SEMESTER', '1 SEMESTER'),
('eco2021222', 'THECO', 'ecoprof420', 'Branding strategy in the Greek fashion industry', 0, 'ALL COMPULSORY COURSES PASSED AND GPA >= 7.5', '1 SEMESTER', '1 SEMESTER'),
('eco2021314', 'THECO', 'ecoprof144', 'Financial analysis of resources in Primary Education', 0, 'ALL COMPULSORY COURSES PASSED AND GPA >= 7.5', '1 SEMESTER', '1 SEMESTER'),
('inf2021019', 'THINF', 'infprof826', 'Study and evaluation of Sixth Generation (6G) wireless networks﻿', 1, '65 ECTS AND 1ST AND 2ND YEAR PASSED', '2 SEMESTER', '2 SEMESTERS'),
('inf2021128', 'THINF', 'infprof948', 'Reconstruction of the island of Corfu in Unity', 1, '65 ECTS AND 1ST AND 2ND YEAR PASSED', '2 SEMESTER', '2 SEMESTERS'),
('inf2021212', 'THINF', 'infprof948', 'The application of medical informatics in the treatment of diabetes mellitus', 1, '65 ECTS AND 1ST AND 2ND YEAR PASSED', '2 SEMESTER', '2 SEMESTERS'),
('inf2021672', 'THINF', 'infprof742', 'Development of an application for the electronic management of bank loans web banking', 1, '65 ECTS AND 1ST AND 2ND YEAR PASSED', '2 SEMESTER', '2 SEMESTERS'),
('inf2021908', 'THINF', 'infprof742', 'Advanced deep learning techniques for credit risk prediction', 1, '65 ECTS AND 1ST AND 2ND YEAR PASSED', '2 SEMESTER', '2 SEMESTERS'),
('math202124', 'THMAT', 'mathprof18', 'Predictability of common stock return', 0, '11/13 COMPULSORY COURSES PASSED', '1 SEMESTER', '1 SEMESTER'),
('math202132', 'THMAT', 'mathprof18', 'Mobile learning: a personalised teaching system for mathematics', 0, '11/13 COMPULSORY COURSES PASSED', '1 SEMESTER', '1 SEMESTER'),
('math202145', 'THMAT', 'mathprof99', 'Study of approximations and blocks for quantities associated with the probability of default', 0, '11/13 COMPULSORY COURSES PASSED', '1 SEMESTER', '1 SEMESTER'),
('tour202106', 'THTOU', 'tourprof54', 'Airlines and crises: State subsidies in the COVID-19 period', 1, '60 ECTS', '1 SEMESTER', '1 SEMESTER'),
('tour202130', 'THTOU', 'tourprof40', 'Ways of promoting alternative tourism. Case study, digital media in the Regional Unit of Evritania', 1, '60 ECTS', '1 SEMESTER', '1 SEMESTER'),
('tour202131', 'THTOU', 'tourprof40', 'Development and Promotion Plan for Continental Tourism Destination', 1, '60 ECTS', '1 SEMESTER', '1 SEMESTER'),
('tour202159', 'THTOU', 'tourprof23', 'Marine Tourism The development of cruise tourism in the Mediterranean', 1, '60 ECTS', '1 SEMESTER', '1 SEMESTER'),
('tour202181', 'THTOU', 'tourprof15', 'Human resource management: applications in hotel establishments', 1, '60 ECTS', '1 SEMESTER', '1 SEMESTER');

-- --------------------------------------------------------

--
-- Table structure for table `undergraduate`
--

CREATE TABLE `undergraduate` (
  `AM_ID` char(10) NOT NULL,
  `AdmissionType` varchar(50) NOT NULL,
  `AdmissionRank` int(11) NOT NULL
) ENGINE=InnoDB DEFAULT CHARSET=utf8mb4 COLLATE=utf8mb4_general_ci;

--
-- Dumping data for table `undergraduate`
--

INSERT INTO `undergraduate` (`AM_ID`, `AdmissionType`, `AdmissionRank`) VALUES
('eco2021004', 'National Exams 10% EPAL', 5),
('eco2021222', 'National Exams 90% GEL', 4),
('eco2021314', 'National Exams 90% GEL', 3),
('eco2021789', 'National Exams 90% EPAL', 2),
('eco2021879', 'National Exams 90% GEL', 1),
('eco2022623', 'National Exams 10% GEL', 1),
('eco2023820', 'National Exams 90% GEL', 1),
('eco2024541', 'National Exams 90% GEL', 1),
('inf2021019', 'National Exams 90% GEL', 5),
('inf2021128', 'National Exams 90% GEL', 4),
('inf2021212', 'National Exams 90% EPAL', 3),
('inf2021672', 'National Exams 10% EPAL', 2),
('inf2021908', 'National Exams 90% GEL', 1),
('inf2022891', 'National Exams 10% GEL', 1),
('inf2023921', 'National Exams 90% GEL', 1),
('inf2024340', 'National Exams 90% GEL', 1),
('math202124', 'National Exams 10% EPAL', 1),
('math202132', 'National Exams 90% GEL', 5),
('math202145', 'National Exams 90% GEL', 4),
('math202167', 'National Exams 90% EPAL', 2),
('math202170', 'National Exams 90% GEL', 3),
('math202254', 'National Exams 10% GEL', 1),
('math202373', 'National Exams 90% GEL', 1),
('math202428', 'National Exams 90% GEL', 1),
('tour202106', 'National Exams 90% EPAL', 2),
('tour202130', 'National Exams 10% EPAL', 1),
('tour202131', 'National Exams 90% GEL', 3),
('tour202159', 'National Exams 90% GEL', 5),
('tour202181', 'National Exams 90% GEL', 4),
('tour202236', 'National Exams 10% GEL', 1),
('tour202390', 'National Exams 90% GEL', 1),
('tour202478', 'National Exams 90% GEL', 1);

--
-- Indexes for dumped tables
--

--
-- Indexes for table `attend`
--
ALTER TABLE `attend`
  ADD PRIMARY KEY (`AM_ID`,`COURSE_ID`,`PROF_ID`),
  ADD KEY `ATTEND_COURSE_FK` (`COURSE_ID`),
  ADD KEY `ATTEND_PROF_FK` (`PROF_ID`);

--
-- Indexes for table `course`
--
ALTER TABLE `course`
  ADD PRIMARY KEY (`COURSE_ID`),
  ADD KEY `COURSE_DEPT_FK` (`DEPT_ID`);

--
-- Indexes for table `department`
--
ALTER TABLE `department`
  ADD PRIMARY KEY (`DEPT_ID`);

--
-- Indexes for table `examined`
--
ALTER TABLE `examined`
  ADD PRIMARY KEY (`AM_ID`,`COURSE_ID`,`ExamDate`),
  ADD KEY `EXAMINED_COURSE_FK` (`COURSE_ID`);

--
-- Indexes for table `postgraduate`
--
ALTER TABLE `postgraduate`
  ADD PRIMARY KEY (`AM_ID`);

--
-- Indexes for table `professor`
--
ALTER TABLE `professor`
  ADD PRIMARY KEY (`PROF_ID`),
  ADD KEY `PROF_DEPT_FK` (`DEPT_ID`);

--
-- Indexes for table `ptc`
--
ALTER TABLE `ptc`
  ADD PRIMARY KEY (`AM_ID`);

--
-- Indexes for table `register`
--
ALTER TABLE `register`
  ADD PRIMARY KEY (`AM_ID`,`COURSE_ID`),
  ADD KEY `REGISTER_COURSE_FK` (`COURSE_ID`);

--
-- Indexes for table `requires`
--
ALTER TABLE `requires`
  ADD PRIMARY KEY (`COURSE_ID`,`PREREQ_ID`),
  ADD KEY `REQUIRES_PREREQ_FK` (`PREREQ_ID`);

--
-- Indexes for table `student`
--
ALTER TABLE `student`
  ADD PRIMARY KEY (`AM_ID`),
  ADD KEY `TUTOR_FK` (`PROF_ID`),
  ADD KEY `STUD_DEPT_FK` (`DEPT_ID`);

--
-- Indexes for table `thesis`
--
ALTER TABLE `thesis`
  ADD PRIMARY KEY (`COURSE_ID`,`AM_ID`,`PROF_ID`),
  ADD KEY `THESIS_STUD_FK` (`AM_ID`),
  ADD KEY `THESIS_PROF_FK` (`PROF_ID`);

--
-- Indexes for table `undergraduate`
--
ALTER TABLE `undergraduate`
  ADD PRIMARY KEY (`AM_ID`);

--
-- Constraints for dumped tables
--

--
-- Constraints for table `attend`
--
ALTER TABLE `attend`
  ADD CONSTRAINT `ATTEND_COURSE_FK` FOREIGN KEY (`COURSE_ID`) REFERENCES `course` (`COURSE_ID`),
  ADD CONSTRAINT `ATTEND_PROF_FK` FOREIGN KEY (`PROF_ID`) REFERENCES `professor` (`PROF_ID`),
  ADD CONSTRAINT `ATTEND_STUDENT_FK` FOREIGN KEY (`AM_ID`) REFERENCES `student` (`AM_ID`);

--
-- Constraints for table `course`
--
ALTER TABLE `course`
  ADD CONSTRAINT `COURSE_DEPT_FK` FOREIGN KEY (`DEPT_ID`) REFERENCES `department` (`DEPT_ID`);

--
-- Constraints for table `examined`
--
ALTER TABLE `examined`
  ADD CONSTRAINT `EXAMINED_COURSE_FK` FOREIGN KEY (`COURSE_ID`) REFERENCES `course` (`COURSE_ID`),
  ADD CONSTRAINT `EXAMINED_STUDENT_FK` FOREIGN KEY (`AM_ID`) REFERENCES `student` (`AM_ID`);

--
-- Constraints for table `postgraduate`
--
ALTER TABLE `postgraduate`
  ADD CONSTRAINT `POST_FK` FOREIGN KEY (`AM_ID`) REFERENCES `student` (`AM_ID`);

--
-- Constraints for table `professor`
--
ALTER TABLE `professor`
  ADD CONSTRAINT `PROF_DEPT_FK` FOREIGN KEY (`DEPT_ID`) REFERENCES `department` (`DEPT_ID`);

--
-- Constraints for table `ptc`
--
ALTER TABLE `ptc`
  ADD CONSTRAINT `PTC_FK` FOREIGN KEY (`AM_ID`) REFERENCES `student` (`AM_ID`);

--
-- Constraints for table `register`
--
ALTER TABLE `register`
  ADD CONSTRAINT `REGISTER_COURSE_FK` FOREIGN KEY (`COURSE_ID`) REFERENCES `course` (`COURSE_ID`),
  ADD CONSTRAINT `REGISTER_STUDENT_FK` FOREIGN KEY (`AM_ID`) REFERENCES `student` (`AM_ID`);

--
-- Constraints for table `requires`
--
ALTER TABLE `requires`
  ADD CONSTRAINT `REQUIRES_PREREQ_FK` FOREIGN KEY (`PREREQ_ID`) REFERENCES `course` (`COURSE_ID`);

--
-- Constraints for table `student`
--
ALTER TABLE `student`
  ADD CONSTRAINT `STUD_DEPT_FK` FOREIGN KEY (`DEPT_ID`) REFERENCES `department` (`DEPT_ID`),
  ADD CONSTRAINT `TUTOR_FK` FOREIGN KEY (`PROF_ID`) REFERENCES `professor` (`PROF_ID`);

--
-- Constraints for table `thesis`
--
ALTER TABLE `thesis`
  ADD CONSTRAINT `THESIS_COURSE_FK` FOREIGN KEY (`COURSE_ID`) REFERENCES `course` (`COURSE_ID`),
  ADD CONSTRAINT `THESIS_PROF_FK` FOREIGN KEY (`PROF_ID`) REFERENCES `professor` (`PROF_ID`),
  ADD CONSTRAINT `THESIS_STUD_FK` FOREIGN KEY (`AM_ID`) REFERENCES `student` (`AM_ID`);

--
-- Constraints for table `undergraduate`
--
ALTER TABLE `undergraduate`
  ADD CONSTRAINT `UNDER_FK` FOREIGN KEY (`AM_ID`) REFERENCES `student` (`AM_ID`);
COMMIT;

/*!40101 SET CHARACTER_SET_CLIENT=@OLD_CHARACTER_SET_CLIENT */;
/*!40101 SET CHARACTER_SET_RESULTS=@OLD_CHARACTER_SET_RESULTS */;
/*!40101 SET COLLATION_CONNECTION=@OLD_COLLATION_CONNECTION */;
